text,label
ngantuk berat tarik selimut,negative
mengakui akun fufufafa miliknya meminta maaf terkait muda hallooo bagaimana  dimaafkan  bgmn layak  memimpin nkri,negative
cc  fyi pak prabowo harusnya bijaksana mengambil keputusan politik  perut rakyat gak dibohongin pak  kalo laper bunyi lemes sakit pak  jgn dibohongin dgn politik wakil jgn gibran puan  rakyat butuh hidup tenang adil sejahtera semoga aja,negative
fufufafa jadi wapress  kalau pak prabowo sakit  yakin mau pimpin fufufafa,positive
gibran jadi wapres negeri dg 275jt penduduk sangat aneh      siap2 5th depan menghadapi kelakuan pejabat aparat negara yg jauh lebih aneh safam fufufafa,neutral
pasukan bawah tanah jokowi yg melaporkan roy suryo sebut gibran lambang negara makanya lindungi,negative
segera ganji gibran alias fufufafa,negative
bisnis cuci mencuci sepeinya kalau kering angkat kalau bersih bereskan,positive
sama halnya sepei timnas dunia politik indonesia potong generasi,positive
akang raffi temennya mas  teh mau jadi minister naon nyak,neutral
lo pantesnya ngajarin kaesang gibran ted    sama2 tololnya,negative
pemerhati hukum  gibran sekarang jabatannya apa  tanggal 20 oktober jabatannya apa,neutral
benar prabowo gibran sering jalan bersama adakan peemuan membahas persiapan susunan kabinet  iya engga,neutral
nunggu si  selesai hapus hapus post bukti akun fufufafa baru   gerak terus bilang informasi fufufafa yg beredar hoax,negative
orang dungu otj dipantat,negative
selamat pagi pak  selamat pagi pak  selamat pagi  selamat pagi,neutral
gibran ikuti gaya bpkne asal mangap dulu bpkne jg bilang 10 jt tp blas gak da apa malah yg meledak tka china,neutral
sebenernya bentuk kejengkelan gibran isu private jet olah tegar menghadapi isu tsb padahal jengkel mangkanya bilang gitu acara psi fakta psikologis,neutral
diskusi utk menggagalkan pelantikan gibran dg bermacam cara  lewat jalur hukum lewat kerusuhan provokasi rakyat adu domba ps cv gibran sdh dilakukan ttp gagal  adu domba ps vc jkw sdh lebih gagal   jalan terakhir menggagalkan pelantikan gibran,negative
lu kali yg mnjijikkan  semua org tau klo cuitan gibran bkn kejahatan tp non etika yg uda akut  emngnya negara mana yg mau dipimpin org yg low attitude berai bener fufufafa gibran,negative
mau kepuasan nya 1000  tetep aje bentar lengser,positive
halu,negative
si tolol msh percaya chat mesum hoax,negative
gibran beler wkwk,positive
mulyono mati prabowo mati gibran mati ga bikin dagangan laku,negative
kalo ga bapaknya cuma mas2 pengangguran beban keluarga doang bjir wkwkwk,neutral
mungkin mas gibran dpt gelar jga nyusul,positive
gibran jg tngh r,positive
gw diem mulyono bukan siapa siapa dikadin ikut campur tangan bro,neutral
pak jokowi tengah menyalahkan kebijakanya bapaknya gibran,negative
ciunis lokal macam ceperan berapa duit sirewel utk sekali tuit,negative
memang diadopsi bahasa melayu dagang  bahasa perdagangan yg sederhana mudah dipelajari semua orang  sayangnya kultur bangsa bukan bangsa dagang  jadi gak nyambung,positive
wkwkw bocahbri lu udh mrsa tua nah knp tdk ikut mendfatr pilpres buktiin klo cm nyinyir doank sia sia tuh,negative
penanganan covid 19 cepat tepat salute   jokowibaktiuntuknegeri,positive
dulu gibran selalu dihina  eh g dihina2 malah melambung tinggi,negative
jadi gini benar sekali benar fufufafa gibran mau ditaro muka bangsa besar mata dunia   kelen pikir dunia internasional engga tahu siapa fufufafa,negative
27 november pdip makin nyungsep,neutral
buktinya yg kasihan pakde gagal maning semua uu pilkada gagal pkb mau dikerjain gagal buzzer nya sibuk cebok terus kwkwkkwk,negative
bentar pakde selesai pdip beahan  usaha menghancurkan pdip gila2 an eh tegar berdiri baru sebentar pdip berbeda udah turun aja tuh kemampuan pakde buzzer sibuk cebok terus kwkwkwk,neutral
tak baca ulang kalimat yg hoax hoaxnya  kan dibilang gibran diganti perlu kata walikota yg baca mestinya paham lha emang gibran udah jadi wapres kan,negative
bantah bukti no tlp tsb bukan milik gibran,neutral
woyyy      prof jangan kegocek  om memed  ngalihin issue fufufafa  fufufafa tetep dilantik impeachment mah soal gimana,negative
pasukan bawah tanah jokowi  gibran rakabuming raka lambang negara,negative
akun fufufafa a1 milik gibran akankah gibran batal dilantik,neutral
tukang cuci lewat permisi,neutral
lah tifa aja penyepong anis  genjar menyerang gibran mulai fari fitnah ijazah  sekarang narkoba gagal mulu  dijanjikan apasih orang hingga sepei  gelar dogter aja meragukan ditambah sama bambang tersangka bebas berkeliaran  heran g tau malu,negative
ga ikutan kan,positive
ku doa kan semua bangkrut pendukung gibran  mati,negative
wow sungguh busuk kalian    diawal mencitrakan diri kesederhanaan mendukung ternyata diakhir periode kekuasaanmu mulyono terungkap kebusukanmu  kalian penipu,negative
mungkin alasannya jadi tearik masuk dunia politik  ez money,negative
dilantik kalau indonesia gunakan nalar teman jgn kuat iri,neutral
memang perlu dumas  pengaduan masyarakat   amp  cawe2     proses si kaesang maupun si gibran  bocah presiden  peanyaannya   punya nyali  amp  keberanian   konstitusi memanggil ditegakkan,positive
iya ngapain coba adu domba biarin pendukung menikmati kebodohannya memilih 2 org,negative
dulu acara metro waktu gubernur paling angkuh gibran   menunjukkan anak gaul,neutral
wkwk  penyepong tai keluarga jokowi muncul,neutral
ayo jujur  sepei adikmu si  yg ngaku anak mulyono,positive
kata  gak asing spt ucapannya si fahri  ngabulin ngibulin jilid2  dki dkj beda dg dkm  dlm kelompok mulyono,neutral
berlebihan puji2 jokowi 2019   manfaatkan anak2   gibran  kaesang jadi super sombong angkuh    sepei kelainan jiwa   akun ff   hina2 keluarga prabowo,negative
rapat bahlil lahadalia ekspresi berkedip gibran jadi sorotan netizen  pentingnya minum obat cacing meeting,neutral
fufufafa gibran   anak mulyono looo    lawan,negative
idayati sing dijodohke neng mulyono karo paman ndoblang gen memuluskan gibran,positive
antek2 amerika selalu gk terima beliau ber2 gabung,positive
fufufafa gibran   dek kelakar kamu dg jetpri berani     anak mulyono   kalian lawan,positive
berai lu pilih gibran,negative
bukan udunan duit kite yg dipotong tiap gajian kan,negative
paling hebat kalo berani tunjukkan ijazah aslinya,positive
bagaimana mungkin diberi gelar doctor hc gelar s1 aja tdk miliki  lembaga pendidikan mana sih yg over acting,negative
fufufafa gibran   gue ganti nama akun    mengganti nomor hp sea menganti nama pemilik akun     bereskan,neutral
dikasih fakta data skalipun sll bnyk ceboker nya  coba aja bikin kaya gini ig threads bakal serang 7 hari 7 malam  dah gw alamin sampe hina2 mosqueen  pdhl cuma beanya bisnis apa sampe kekayaan naik 100m 5thn keluar tuh ceboker2nya,negative
jangan ganti kapolri ganti gibran langsung tdk bakal masalah negri,negative
wkkkkk     mampus lo,negative
satu guru satu ilmu sama,positive
lhaaa bagus kan bakal pembuktian ntar siapa fufufafa yg bukain jalan kesana pasukan tikus got semakin seru apa pasukan tikus got punya data pembanding buat bantah roy suryo  ato cuma nuduh fitnah doang ga buktiin kalo fufufafa bkn gibran,negative
ted    kok semakin bodoh sih pak habibie dilantik istana negara presiden mengundurkan diri kalau cepat melakukan penggantian presiden sangat bahaya nkri banyak membaca ted,negative
raskin rumah udah dpt stok brp karung bos  mabok asam sulfat jgn lama2 bos   tdk baik buat otak yg dlm masa peumbuhan   otak kecil nnti tambah menciut,negative
lgbtq g nya gibran,negative
negaranya gibran sejenisnya jadi mau terkejut udah ga heran,neutral
ngelas ngeles mulu jelas2 lu sdh menuduh kok kalau fufufafa gibran  cocote koar2 ujung2nya klarifikasi  kocak,negative
tantangan buat kaesang      kaesang gak berani pakai kaos tulisan adiknya fufufafa gibran   kaesang   pria pengecut  amp  penakut,negative
ijazah palsu trs hampir 10 tahun isu aja yg eksis gibran jadi wapres gibran jadi presiden isu aja yg dihembuskan,negative
kamu mah dulu mikirnya sana mulu ga si,negative
samakah dgn university of bradford in singapore nya gibran chili pari  bentar lg dpt dr  hc  sepeinya mengikuti jejak ra bentar dpt tanda jasa jg,neutral
dibawa pemerintah pak gibran,negative
pak fadli kalau jadi menteri jangan lupa kalau menghadap pak gibran tunduk kepala jangan coba2 natap mukanya gibran bisa2 dipecat,negative
mungkin samakah dgn university of bradford in singapore nya gibran chili pari,positive
gibran pegang negeri  selesai bangsa  semuah tunduk patuh sama gibran bocah yg tdk perna baca buku memerintah semuah elit politik yg baca buku ribuan mantan aktivis semuah,positive
bagus biar dibuka pengadilan biar rakyat tau   yakin akun fufufafa milik gibran rakbuming roy suryo kini diadukan bareskrim polri  resah,positive
pak said didu    punya masalah apa sih sama pak jokowi  ko begitunya mengarang bebas bikin narasi bukti   mas  mungkin pak said didu pingin jabatan  kasih beliau jabatan kahsiplek kepala satuan hansip komplek,negative
tanggal 20 oktober jadi apa kalian besea selama menjadi penjilat setia   serius penasaran,positive
bukan investor nyogoker  uang sogok,neutral
si wabah  mending tetap markobar aja deh sekalipun kurang sreg sama gibran,negative
kalian cuma rakyat yg peralat politik jadi jangan terlelu bod h  yg kalian dukung kalah d pilpres kmren sedang berusaha utk gabung k pemerintahan era prabowo gibran  kalian cape cape bela dapatnya apa    politik semua butuh kuasa kalian d peralat,negative
semuanya gk cocok krn hadil kecurangan n kebohongan,neutral
jd caleg gak laku jd buzzer aja,negative
fufufafa msh,positive
klw anak mulyono songong2 tanyain aja bisnisnya pisang gmn mas,negative
10 tahun terburuk ala jokowi,neutral
sehina seorang calon presiden  katain sama,positive
tantangan buat kaesang pangarep   kaesang tak berani pakai kaos tulisan adiknya fufufafa gibran   kaesang   pria pengecut  amp  penakut,negative
gitu,negative
orang calon mentri datang pemeritahan prabowo gibran  mau jadi apa negaraku indonesia yhwh bless indonesia,neutral
asuuuu mending do melu psht wae,neutral
intelektual menjawabnya,positive
andai      yowes urus   fufufufuf,neutral
salah pemerintah menghambat tukang palak pengusaha merasa benar,negative
kebanyakan janji,positive
itungan2an gak sih    yg gk suka mukidi  16 24    kok yg puas 89     wkwkwkkww surepay yg sungguh dipaksakan,negative
provokator bukan profesor,negative
eh polisi idol anjir gausah bawel dahh lu,negative
presiden dungu   penyembahnya lebih dungu,negative
keren tuh kayak gini,negative
hrs mirip abah,negative
anaknya yg bikin lu tantrum,negative
profesor kompresor nih  guoblok kok profesor,neutral
rapat bahlil lahadalia ekspresi berkedip gibran jadi sorotan netizen  bestie satu frame,neutral
penting jadikan gibran sepei maruf amin aja   hahah,positive
koar  tntg akun fufufafa pdhl gak tau klo fufufafa aslinya si,negative
selengkapnya   gibran  gibranrakabuming  narkoba  pik  peringatandarurat  kawalputusanmk  cekfakta  pon  turnbackhoax  podcast  kbrprime  lawanhoax  factcheck  digitalliteracy  cekfaktanya,positive
3 topik terpilih periksa fakta mafindo periode 13   19 sep 2024 sorotan highlight   1  bocoran video buzzer peringatan darurat  2  atlit muaythai dipaksa panitia pon aceh memakai hijab  3  gibran nyabu sama bandar disembunyikan,neutral
fufufafa gibran   preman yg nyuruh orang yg anti demokrasi sepei nya mulyono deh,negative
sehat sll bp prabowo mas gibran presiden 2024 2029 semoga jd harapan rakyat indonesia ekonomi rakyat bs terjangkau lapangan kerja mudah amin,positive
fufufafa gibran   gue cocok sama susu fifi,neutral
fufufafa jd idola manusia oon,positive
roy suryo memaparkan bukti2 dugaan gibran lah yg nyangkal kok cma halusinasi bukti2  awokawokawokawok,negative
fufufafa gibran   polisi kacungnya mulyono      polisi bukan penjaga keamanan penjaga nafsu mulyono,neutral
fufufafa gibran   mulyono   bpk,neutral
kalau se kubu sepakat ainun rasanya perlu buang waktu ngobrol lebih lanjut  merampas hak murid mengikuti olimpiade meng eksploitasi loophole sistem lalu menormalisasi pelecehan seksual gibran kenakalan,neutral
berbagai program infrastruktur udah dibangun buktikan jokowi serius memajukan daerah daerah terpencil langkah nyata pemerataan  jokowibaktiuntuknegeri,negative
keluarga bangke  fufufafaaibnasional  fufufafabocilpsikopat  fufufafamesum,neutral
jadi peringatan buat nih biar gak kalah sama negara lebih rajin belajar ngembangin diri,negative
kelazzzzz cing,neutral
gibran wajib melampirkan ijazah aslinya     xe8,positive
fufufafa pengen susunya si syah,negative
dukung utk diproses sangat terbuka jujur    datangkan ahli it uji forensik hadirkan roy suryo gibran    ayo dukung sepei spya masalahnya jelas   hadirkan pemilik katering chilli pari kaesang p jokowi ayah kedua orang,negative
udh ga salah klo km musnahin jokowi gibran,negative
awas luh ye tahun depan pajak naek jangan ngejerit,neutral
tantangan buat kaesang pangarep   kaesang tak berani pakai kaos tulisan adiknya fufufafa gibran   kaesang   pria pengecut  amp  penakut,negative
emang sengaja ga nyambung sih cuma mau ngasih tau aja kalo ngatain pecundang cuma berani internet gibran fufufafa dulu gitu kok trus ngatain orang yg ga punya simpati sama orang yg kehilangan anaknya kelompok kalian sering ngatain aksi kamisan,negative
tantangan buat kaesang pangarep   kaesang tak berani pakai kaos tulisan adiknya fufufafa gibran   kaesang   pria penakut  amp  pengecut,negative
wkwkwkwk bangke up foto yg bersama gibran terbaru dong lol,positive
tantangan buat kaesang pangarep    kaesang gak berani pakai kaos tulisan adiknya fufufafa gibran   kaesang   pria penakut  amp  pengecut,negative
tantangan buat kaesang pangarep    kaesang gak berani pakai kaos tulisan adiknya fufufafa gibran   kaesang   pria penakut  amp  pengecut,negative
jangan mengira cinta datang keakraban lama pendekatan tekun  cinta kecocokan jiwa   kahlil gibran,positive
prabowo gibran gak bohong  terus bohong  ngomong,negative
hatukufii,positive
kalian tes dna presiden gibran kaesang kahiyang kalau niat ragu apa sebenarnya mulyono jadi joko widodo,negative
cba si gibran suruh bicara    siapa ikut bicara     tololl,negative
kalo gibran ngetik dilanjut  alhamdulilah sih bapakku mau bantu cari kerja  katanya gausah serius serius cukup ttd sm liat liat tempat  kucoba sekali lumayanlah sesekali ngelakuin hobi,neutral
coba gibran jel,negative
seistimewa itukah si gibran  blng lambang negara,negative
sebenarnya penuntut menuntut pembuktian fufufafa gibran harusnya gibran membuktikan fufufafa bukan,negative
keluar dr pdi p samakin kelihatan rusaknya,negative
kalo gondrong kaya gibran,positive
emngnya gibran siapa    adu data,negative
siapa,neutral
percuma  bentar lengser  betul harusnya gagalkan pelantikan prabowo gibran,negative
banyak nama dunia yg dipake kudu gibran si anjg walopun yg h nya sama aja,negative
puas mantengin fufufafa,negative
jadi gigolo boti keduanya cocok,positive
abis gibran langsung lamar cewek,negative
lambang negara indonesia gibran bukan burung garuda kata pasukan bawah tanah jokowi     jangan lupa diganti,negative
logis sih jokowi prabowo gibran saling terkait,negative
pantesnya buka usaha laundry ngelaundry duid jaminan bersih ga bernoda,negative
beliau menggantikan gibran wali kota solo namanya pak teguh kalau mau ngasih info tulis lengkap agarr membingungkan masyarakat lainnya nantinya masyarakat menyampaikan yg sesuai fakta yg sebenarnya  jadi malah hoax,positive
maklum mbak nur  msh ganti pembalut,positive
silhkan pak tobing puas2in memuja menyembah berhala ciptaan jokowi gausah ngajak2 orang setuju   makan ajah sendiri,negative
jd keinget foto lu yg kyk gibran rakabuming lu nyabu jg yh,negative
angk0t88 tindakan masriwati jelas jelas mencoreng citra asn  negara tegas masalah intoleransi   korbanmulyono  polisi,negative
awal tahun salah satu pabrik ban terbesar cikarang menutup pabriknya,negative
gpp drpd kau merah terus kalah 3 0 wkwk,negative
klau mendengarkan statmentnya konfirmasinya soal akun fufufafa adlh gibran  berkata kalaumemang ainya andai,negative
maklum lidah lebih cepat tajam dibanding tulisan tinggal diusut aja ajaran ustadz sapa yg biasa beliau dengar nkri,neutral
oii  sekali kali main tweet lah jangan sibuk kaskus,neutral
pembangunan infrastruktur memperkuat daya saing indonesia tingkat internasional  terima kasih pak jokowi   jokowibaktiuntuknegeri,positive
gibran angk0t88 semoga meneruskan semangat baik pergi   feni,positive
ora mungkin ora mungkin wess     hahaha malah ra warass anis raisa kerja gawe apa dadekne penganti gibran wkwk,positive
katanya dicintai lihat diakunmu 100  negatif  gimana jadi pemimpin kl awal masyarakat sdh sentimen  akun mengejar follower kali mainkan gimmic sensasi kasihan yg jadi korbanmu,negative
pos gibran bersama perkumpulan peternak nusantara p2n relawan kaum milenial standup for nation turut mendampingi kegiatan calon gubernur jawa tengah periode 2024 2029 ahmad luthfi salatiga tajuk makan bakso bersama masyarakat minggu  29 9 2024   ahmadluthfi,positive
dibuktikan fufufafa gibran sesuai nomor hp,neutral
justru gibran lambang matinya pancasila uud 1945 negara sebesar dikalahkan seorang tukang kayu,positive
eaaaa  gkgkgk,negative
terbukti prabowo gibran menang 1x putaran fakta,negative
apapun namanya gibran pilihan rakyat fakta,negative
jalan tol bikin gak capek pas perjalanan jauh  makasih banyak pak   jokowibaktiuntuknegeri,negative
karna bukan duit si investor,negative
bubar aja lah ten hag  kasih aja nistelroy buat interim dulu  kacau kacau,negative
nih si  adeknya si  fufufafa makin songong n ga tau malu,negative
terima kasih pak jokowi atas semua upaya keberhasilan capai   jokowibaktiuntuknegeri,positive
kritik mulyono dibilang anak abah banyak bahkan gw kenal pendukung pak prabowo gak suka sama gibran keluarga  pilih 02 pak prabowonya bukan anaknya pak mul,negative
najiss punya lambang negara muka beler kaaya gibran,negative
plot twist gibran suka sm lu kh,negative
darimana,positive
nunggu anak abah nangis masal lihat prabowo gibran dilantik 20 oktober 2024  fufufafaaibnasional,neutral
anak      memberi pernyataan membukanlowongan kerja ayah     memberi jawaban,positive
wakil nya gibran,negative
baik kayak hati fufu fafa,negative
gua nyesel bos pilih beliau kcic beban utang ngeri padahal g urgentsinya beban utang yg kasihan rakyatnya ppn mulai naik tahun depan tapera   kalau jd  asuransi motor mobil pajak rumah yg cekik rakyatnya  ee ekspor pasir dibuka duh duh hemm,neutral
masa  dibilang pengguna narkoba,positive
hah pantes sih gibran menang orang goblok kaya lo punya pendapat gini,negative
terus terang malu  gimana,negative
pcr e mirip gibran jir,negative
anehnya banget    kok milih,positive
rakyat ketiban apes,negative
,positive
sangat memilukan,negative
prabowo nya oke bahkan gw sangat fanatik prabowo gibran nya yg jadi masalah takut prabowo kudeta tengah jalan,negative
chiyeeee menebar ketakutan chiyeeee   orang orang kek gini memang sungguh perlu bayaran eh nganu peneiban,negative
seluruh rakyat nkri sedang ketiban apes   nasib nasib,negative
baek kan  hahahaha,positive
ten hag bangke  capek capek butuh booster malah ga jelas gini  dah 2 tahun lebih lo dikasih waktu  bahkan jaman ole dipecat ga se hopeless gini,negative
dengerin tuh bu retno    didengar yak pak      teroris macem hamas hizbullah koq dibela,neutral
inisial gibran,positive
udah program prabowo gibran   aku nerima eunaak nya terus menerus sekarang,neutral
ngantuk ah  bawak bawak la tidur tengok benda bodoh kt tv tu,negative
gimana caranya melamar buzzer min  lumayan 20 hari,neutral
prabowo x gibran,negative
ooh    berai gibran termasuk binatang langka,neutral
percaya sama polisi2  era      bgmn kamu bung  kamu percaya dgn  bekerja dgn jujur berintegtas persatuan bangsa negara,positive
percaya sama polisi2  era      bgmn kamu bung  kamu percaya dgn  bekerja dgn jujur berintegtas persatuan bangsa negara,positive
percaya sama polisi2  era      bgmn kamu bung  kamu percaya dgn  bekerja dgn jujur berintegtas persatuan bangsa negara,positive
percaya sama polisi2  era      bgmn kamu bung  kamu percaya dgn  bekerja dgn jujur berintegtas persatuan bangsa negara,positive
penjelasan ceritanya urut  foto  kejadian  membuat semua selalu berhati  dlm berkendara,neutral
inilah yg disoal kang ubed bbrp taun lalu   kang ubed be like  kan   semoga masnya ga dilaporin pasukan gorong2 mulyono,positive
kalo gibran tempat les kalo silfester ruko,neutral
pas awal semester pgn bgt beli kemeja warna biru langit udah nyari pasar sayang aja ga nemu yg cocok  tiba semua terhenti mbu bilang ih kayak pendukungnya gibran damn memang efek gamau disama in kayak gibran is no joke,negative
gibran lambang negara manusia yg rusak mental,negative
derajat mu lebih mulia gibran,positive
aksi sosial relawan mas gibran diapresiasi,positive
ridwan kamil gagas program makan bergizi gratis prabowo gibran pakai qris breaking news,neutral
langsung mingkem mulut nya,negative
haduee    tak namanya diganti calon wakil presiden klu gibran diganti bener menjabat walikota solo gantikan dgn teguh prakoso sekarang buat netizen bingung,negative
gibran makasih banyak  aku sayang banget sama kamu makasih udah hadir kehidupan aku aku bener bener ngerasa gaada menarik hidup aku  gibran you really light up my life,positive
menteri bumn era prabowo gibran jangan dijabat tim sukses,positive
uu omnibuslaw permudah perusahaan mem phk karyawan nya  fakta,neutral
sepei halnya hukum meyakini akun fufufa punya gibran bukan   tetap gibran calon wakil presiden,neutral
suka gibran tidak membabi buta membuat tuduhan keji sepei  sepeinya gibran sedang merasa lucu dgn serangga yg melintas depan,positive
gass terus fufufafa  pesawat jet  mulyono cc,neutral
yeshhhh urus aja dulu masalah2 negeri fokuskan sbgian besar energi masalah internal  bole bantu negara jangan porsi perhatiannya melebihi porsi negeri  rakyatmu beeriak masalah ekonomi hey,negative
namanya jg aneh ngaku pasukan bawah tanah kok tiba tiba keluar po wes khawatir banget piye klo fufufafa terus menggelinding samsul batal dilantik tak kasih tahu yo wowo ki ngundang pdip gabung ainya jkw gibran mrongos ngelu no penjara,negative
cek kaos serut crop top anak perempuan kekinian labubu   atasan 5 6 7 8 9 10 11 12 13 14 tahun harga rp56 000  dapatkan shopee sekarang   fufupapa gibran jet lengser ayo lihat videoku shopee video,neutral
ternyata 11 12 sama junjungannya si plonga plongo jilid 2 gibran fufufafa,neutral
ngomong apa sih lu goblok,negative
lu bukan kritis buzzer    nyerang tema kompak nyerang personal bukan kebijakan skrg kayaknya mau cuci piring tuh  orang kayak gini jgn sampe dpt gaji dr apbn,negative
gibran keren katamu,positive
gibran mana nya ajg,negative
yg anehnya usahanya sepi bahkan merugi tp modalnya beambah terus  dasar brekele gaya ndeso wajah polos sederhana tp gragas via anak nya  utang negara ribuan t banyak proyek banyak jg pemasukan  bapaknya temen bisnis jg jd dubes korsel,neutral
asli jujur ngakak bener bener bahagia kalau gibran ganti ehhh malah blunder jadi kelihatan lolotnya,positive
jahat jujur,negative
buktinya kanya sembelih lehernya akal liciknya jokowi amin gibran,positive
bisnis yg sebenarnya bisnis loundry  mencuci semua baju kotor kinclong,neutral
kalau ternyata prabowo gibran gak sanggup datangi rumah hasyim tuntut bayar,negative
klo smpe pak  setuju gibran lambang negara sih keterlaluan  berai mmg benar indonesia gak maju negara tdak bsa bersih,negative
baru tahu lambang negara udah berubah jadi gibran  buku2 pelajaran sd musti direvisi berai,negative
nonton seni memahami kekasih   simping over elang el gibran,negative
prabowo bodoh sekali memilih gibran jadi wakilnya  tulul banget,negative
wkwkwk kepikiran yg suka track sampler 2 ama 3 udh kek pantun jarjit 2 3 ipk gibran,positive
wakakka lambe waras isi otak nya ga waras  maksud gibran ganti walkot eh kejebak betmen,neutral
gua ga pernah ngatain orang anjing  sekalinya ngatain woi  fufufafa anjing    fuck you    you re not even my vp,negative
terserah apa kata kau lah  hitungan hari si  lengser  ri mulai episode baru bersama   tinggal kenangan aja,positive
bukan bisnis tempat cucian,neutral
lagu curahan hati gibran  fufufafaaibnasional,positive
pks ga diajak,neutral
lagu yg mewakili curahan hati gibran,positive
wkwkwk gibran diganti kan udah gk jadi walikota solo,negative
hidupnya singapura,neutral
ibukku ngapain takut anaknya kena pergaulan gak bener  harusnya sih santai aja wong anaknya gak temenan sama gibran kaesang,negative
boncos,positive
berai utk diberhentikan masa jabatannya gibran ttp dilantik dulu,neutral
ajg mana kaesang jg bgst,negative
emang sifufufafa siapa,neutral
batal pelantikan gibran   dasar hukum nya apa   adakah   wkwk ngadi2 aja bikin tread,negative
anjiiiiir gibran dijadiin tolok ukur,positive
kunyuknya gibran blo on cuma gitu  doank cuitan nya,neutral
jangan yg pura2 tdk tahu gibran mendaftar jadi cawapres akal2 an   ingat mk mk,negative
kiri kayak gibran rakabuming,negative
berita 2 tahun lalu share ulang,neutral
keren jg komsepnya,positive
rumah e adem wong temanggung,neutral
apasih,positive
gibran gak mikirin sapa2 cuma mikirin klrga nya sendiri spt bapaknya,negative
ga dulu makasy,negative
anak2nya mulyono makin kesini makin songong mentang mentang banyak cebokernya  sombongnya selangit uang mana buat gaya2an,negative
allah sedih,negative
bj habibi lantik istana negara yg ibu kota  sekarng jakaa bukn ibu kota  paham uu ga lu anjing penjilat,negative
minggu malem kok kerja kocakkkkk,neutral
allaah swt rosulullaah saw mimpi sayyid muhammad qosim bin abdul karim  mimpimuhammadqosim jefri nichol cantik banget  korbanmulyono feni video mulyono gibran kaesang anies fufufafa p diddy justin beiber,positive
kan kayak bukannye ngelem benran,negative
sama gtb matanya gibran gelagatnya udah jelas narkoba nyengir sendiri,neutral
allah gusti,positive
knp sih kalian,neutral
nggaklah,positive
jangan sampe gua tag gibran,negative
kelabakan level dewa moga gak diliat anak anak nya per,negative
diskusi utk menentukan langkah langkah utk mempersangkakan gibran   uu ite  yi melalui jalur hukum   bila jadi tersangka batal dilantik   sesuai uu   mimpi yg anti jkw,neutral
pak teh demam   jenis demam terkejut ni biasanya lama utk pulih,neutral
bangun,positive
sekedar dibaca   membaca buku berbobot penting,neutral
gibran bin mulyono pemilik akun fufufafa,neutral
jadi elu kawan gibran,negative
gibran mau diganti sbg walkot solo gantinya pak teguh bukan mb puan,negative
buzzer yg tersisa   padahal sdh banyak yg taubatan nasuha,negative
kelabakan tega banget lu bilang presiden jokowi  fir aun per    anaknya    dijamin kesel lu katain bapaknya kayak gitu,negative
anehnya rakyat sebesar kalem,positive
wkwkwk ngamuk nih   buzzer kalo gofood muncul nama gibran lantas yg goblog fufufafa gibran,neutral
gw sih berharga gibran tetep jd wapres kalo bs presiden trus walresnya kaesang  biar cepet selesai     jadi negara andalas negara borneo  eneg,negative
58  bayar pajak 16 bayar pajak 24 bayar pajak   trus beda nya d mna,neutral
kok kegocek sih   gibran diganti posisinya walikota surakaa,neutral
gibran kalo bapak lu bukan presiden kagak yg mau temenan ma lu kali  tipe2 yg jadi sampahan pergaulan,negative
udah cocok gibran lulusan singapore banyak prestasi merintis bawah jualan jadi capres gak turut campur keluarga murni prestasi yg punya,negative
ikan tuna segarrr,neutral
jelek banget kayak gibran anjg,negative
usn baru doanya cepat bigwin,neutral
akun fufufafa memberikan sinyal rakyat nntinya biar tdk kaget beindak rasis    bukan u menggagalkanya jadi wapres mengadu domba,neutral
alhamdulillah gerimis,positive
mau join,neutral
gibran yg diganti gibran walikota solo bukan wakil presiden,negative
bentar masuk bulan oktober bentar guru2 menerima janji kampanyenya   senang nya guru2 bila terima tambahan gaji juta rupiah dr presiden nya klo g banyak alesan,positive
kebijakan makan siang gratis prabowo gibran memiliki potensi besar menggerakkan ekonomi indonesia meningkatkan kesejahteraan masyarakat   indonesiaemas  programpresiden  presidenprabowo  makansianggratis  kesehatangratisuntuksemua,positive
kebijakan makan siang gratis prabowo gibran memiliki potensi besar menggerakkan ekonomi indonesia meningkatkan kesejahteraan masyarakat   indonesiaemas  programpresiden  presidenprabowo  makansianggratis  kesehatangratisuntuksemua,positive
katanya fufufafa bukan gibran  fufufafa kontol fufufafa anak haram fufufafa binal fufufafa goblog fufufafa tai fufufafa anjing fufufafa anak babi fufufafa dajjal laknat fufufafa brengsek fufufafa biadab fufufafa akksudbduxkssmznxjdkks,negative
otak lu sungsang  gibran pas kampanya bilang 17 juta lapangan pekerjaan  intinya,neutral
tak perlu dihapus dipastikan satir jadi kenyataan masa depan mengingat kasus fufufafa suka suatu masa depan cuitan menjadi kenyataan  jadi justru ditakutkan pro  malah menjadi kenyataan,negative
trimakasih banyak pak jokowi infrastruktur aceh makin joss   jokowibaktiuntuknegeri,negative
bolehlah lu sekarang seneng just wait n see bagaimana pak prabowo memimpin negeri liat bagaiman nasib gibran,negative
habis dilantik langsung pecat aja wakilnya pak,negative
mabuk nya kok gak kelar kelar  pelaku yg bingung sendiri,negative
gibran lambang negara anak haram konstitusi,negative
bukannya phk krn sp3 dikali 0 5  terkecuali resign,negative
banyak kadrun menggagalkan gibran jadi wakil presiden  gibran orang beoleransi tinggi sepei memimpin kota solo,negative
omongan seseorang menggambarkan sifatnya,positive
gibran jadi wapres lewat nabrak aturan  bodoh jgn pelihara tong,negative
kurang percaya berita ginian prabowo ga gampang colek colek mas gibran tetep lantik ga lantik mahmud md sama cak imin wkwkwkwkwk,negative
muncul tagar fufufafa aib nasional nasib gibran rakabuming disandingkan andrew andika,neutral
vote gibran mending vote cepio beliau lebih mendengar memperjuangkan suara rakyat,neutral
lambang negara garuda kalau gibran lambang keluarga solo raya,negative
kebijakan makan siang gratis prabowo gibran memiliki potensi besar menggerakkan ekonomi indonesia meningkatkan kesejahteraan masyarakat,positive
terus tercantum formulir gimana dong  kontak gibran tuh,positive
kata aku mah kak gibran tinggalin aja ntu kerjaan terus kabur sm aku soalnya aku jga mau lari dri kerjaan was wes wos,positive
indonesia kan negara hukum wkwkw,negative
depan tim terus jeli melihat perkembangan terjadi  siap langkah apapun menguatkan fitnah gibran  mam,positive
kalo kanye west mah emang kampusnya asli masalahnya terduga kampus abal abal kayak jaman gibran kemaren,negative
sama sekali  tujuannya sekali meyakinkan pembenci bahkan kaesang mengakui fufufafa gibran,negative
9 terakhir ditempuh langkah tambahan menguatkan fitnah gibran  semua tahu kaesang membuat kaos tulisan putra mulyono punggungnya  momentum digunakan membuat yakin pembenci fufufafa gibran  apa dilakukan,negative
viral,neutral
susu apaan  susunya syahr,neutral
kalau hadapan teawa terbahak bahak  lha iya kalau mengirim gopay pakai hp milik gibran nama gibran muncul  mosok mengirim gopay milik gibran muncul nama roy suryo,neutral
meskipun pasangan prabowo amp gibran menang diajang pemilu msh berproses lg kepengadilan stlh clear beliau semua msh diganggu terus menerus dgn orang yg merasa kurang puas dgn mempunyai kepentingan   kurang puas masalah apa      kepentingkan apa,negative
8 satu penguatan fitnah dilakukan menyebarkan hasil penyelidikan netizen lainnya  apa the power of netizen berikutnya     katanya    beramai ramai mengirim dana gopay     33  voila muncul nama gibran,neutral
drama nangis2nya mana,negative
tinggal beberapa hari pengen mendengar ocehan pendukung si raja jawa,neutral
sebuah organisasi menamakan dirinya pasbata mengadukan roy suryo menyebut akun fufufafa 99  milik wakil presiden terpilih gibran rakabuming raka  bel selengkapnya    inewssiang  roysuryo  bareskrimpolri,positive
dengerin nih jangan ngilang bae,neutral
satu lomba jangan smpe cuma jadi agenda 1 bulan buat persiapan,positive
diskusi akhir pekan                                        topik   gibran   akun fufufafa   perspektif it politik hukum ahad malam 29 september 2024 pk  19 30 22 00 wib  zoom dibuka pk  19 15 wib,neutral
pehhh ktne dohhhh,positive
7 walaupun link menciptakan fitnah sangat kuat tetaplah diperlukan penguatan fitnah tsb  tim pemfitnah membuat screenshoot dg image editor sepei photoshop  ditampilkanlah nomor hp        33  hp gibran memang berakhiran 33  email chillipari,neutral
ealahh omongan parsoc jgn ditelan mentah2  gibran benar2 dganti walikota jd wapres,negative
tanya mas gibran ga,negative
selamat menyongsong hari esok,neutral
bdoh gibran mntak maaf selesai urusanx,negative
jelas penjelasan nya gitu     paham     ngeyel,negative
akun twitter    orang sama membuat peanyaan sama persis  voila ternyata fufufafa gibran  lalu sepei berebut menceritakan the power of netizen   ternyata netizen hebat hebat padahal hebat si fufu,positive
gak anak gak bpk 11 12 kibulannya,neutral
semangat yg udh selesai pts nya,positive
tukang ngefrank smoga cpt selesai hdupmu,positive
padahal lebih banyak manusia yg otaknya mumpuni yg jadi wapres gibran  pemerintah emg cerminan rakyatnya,negative
cari konten beda lah    boring gini terus,neutral
panggil gibran sbg korban ksh kesaksian dibawah sumpah biar terang benderang kasus biar terungkap sampe tau biji tinggal satu,positive
hadeh mau aja digojek ama memed padahal niatnya gantiin gibran walikota solo kocak,negative
mirip gibran gak sih,negative
sedap jilatanmu kata gibran,positive
kadang2 lu suka banyak benernya bang,negative
memasuki era fokus pacaran sampe ga punya temen,neutral
gibran aja jadi wapres kok,negative
ingetin bsok mau baca novel,neutral
eh lu jgn menyebar kegilaan tsb gue bc wtf did i just witness gibran,negative
tes kejiwaannya tes urine,neutral
tahun depan acara2 kek gini bakal banyak dilakuin si gibran prabs dah tua,negative
minggu gwe jg baru selwse pts ca,neutral
salah satu perusahaan yg sdh lama merencanakan utk ekspansi indonesia memutuskan mundur penetapan hasil pilpres   memperkirakan apa alasan sebenernya,neutral
pemerintahan prabowo gibran diharapkan meneruskan program sebelumnya semakin memberikan manfaat masyarakat   dukungprabowogibran  suksesprabowogibran  prabowogibranmerakyat  prabowogibranberdedikasi  karyanyata,positive
pemerintahan prabowo gibran diharapkan meneruskan program sebelumnya semakin memberikan manfaat masyarakat   dukungprabowogibran  suksesprabowogibran  prabowogibranmerakyat  prabowogibranberdedikasi  karyanyata,positive
beberapa menit sejak pesan ditulis kaskus mengedit pesan lama  2setelah fufu membuka akun twitter  milik perusahaan gibran chilli pari catering  cari pesan november 2014  ternyata peanyaan  tanggal,neutral
penasaran sekali dg jokowi sekarang sasarannya gibran   menggagalkan pelantikan,positive
wah   udah tahap pasrah liat ni negara   karyawan swasta  banyak2 bersyukur berdoa ikhtiar aja anak keluarga,positive
minta laptop buat skripsian,neutral
mana gibran diganti wapres kan amanat konstitusi  jadi tersangka kasus kejahatan  tak diganti presiden suka lagi,negative
cek cara mengatasi kesehatan,neutral
kurang man wkwk,positive
kurang sebulan jelang pelantikan siapa jadi menteri kabinet prabowo gibran,neutral
goyang terus tungkunya kang  biar api nya makin menyala nyala,positive
doa seluruh rakyat indonesia yg waras semoga jokowi anak  nya mampus secepatnya awokwokwok,positive
cukuplah gibran hanz,negative
kan fufufafa bukan gibran,negative
ga utbk materinya kpu aja  ilovepu,negative
malam ni aku makan koko crunch dulu  esok sbm,neutral
niru ketawa  ah   awokwokwok,positive
sama terobsesi sama gibran tiap hari mikirin,negative
intinya gue mengakhiri semester lebih cepat,negative
u push me first just now ma mannnn  esok  kau dtg ah awal  5pm kedai aku  welcome sekali kerja ehekkk,negative
program makan siang gratis prabowo gibran gerakkan ekonomi lokal tingkatkan kesejahteraan   indonesiaemas  programpresiden  presidenprabowo  makansianggratis  kesehatangratisuntuksemua,neutral
memang bener kok gibran ganti sbg walkot solo persiapan pelantikan wakil presiden,negative
halah diganti maaruf amin sama gibran kan   basi,neutral
ora paham aturan we kementhus,negative
10 presiden suriname ngutang uang australia salah satunya jokowi amin gibran,positive
gw 100  yakin dokter gila  emang pernah melakukan observasi gibran ngomong gitu  emang dokter memberikan diagnosa berdasar gambar televisi doang     orang yg diobati    gw anti gibran  amp  mulyono ngga halu  amp  dengki kelewatan,negative
pakai metode prabowo gibran bagi2 makanan bukan ngenalin visi misi,neutral
jangan tar minta pake susu,neutral
full  buka bukaan jubir dahnil  amp  analisis ahli soal bakal calon menteri kabinet prabowo gibran,neutral
hahahahah kau bosan keee  awal sangat gileee nak dtg tgk babynya punnn  rehat ah duluuuu,negative
akun babi ternakan mulyono,negative
nih org ko balikin duit bts trs ga tahan,neutral
sbg timses  gimana bincang2nya dg,neutral
alam ganjar ungkap obrolannya gibran sela jeda debat capres,neutral
rapat bahlil ekspresi  aneh  mata gibran jadi sorotan netizen  pentingnya minum obat cacing,neutral
sukses anak2 ku semuanya,positive
mending bu puan aja,neutral
mungkin bantu jawab,neutral
gibran perasaan kamu gimana  sini cerita sm aku,negative
puas dikibulin,negative
si tedi ditanya gituan mana paham kuliah ruko aja do,neutral
masak gibran lcgc masak laki  hamil,neutral
gimana mau cabut izin nya wkwkkskskks,negative
wkwk plot twist udh kek kampus gibran aja terdeteksi,negative
jgn hapus    lihat 5 taun depan    bagaimna indonesia,neutral
terimakasih bapaknya gibran kakeknya jan ethes,positive
mirip gibran sama sama ngeselin,negative
kelakuan gibran lah yg jelas menjijikan gatau malu ga punya adab,negative
kok makin banyak akun2 bajer lewat for you,positive
la kan sebenarnya sbm indomie   sotong ork,negative
beda jauh sama biangnya asal ngomong,negative
polisinya kek banci  takut sama preman,negative
wkkkkk  polisi jadi jongos preman  gak harga diri  kejadian hotel menteng  wkwkwk  bubarkan polisi,negative
mugo   berani pak    meski hampir mustahil deh,positive
lahh pegimane urusannye      diajarin sapa si malsu in ijazah  makanya jangan maen ma anaknya mulyono   sesat,negative
kepemimpinan prabowo gibran kesempatan emas kemajuan bangsa   dukungprabowogibran  suksesprabowogibran  prabowogibranmerakyat  prabowogibranberdedikasi  karyanyata,negative
saatnya melangkah maju bersama prabowo gibran indonesia lebih sejahtera   dukungprabowogibran  suksesprabowogibran  prabowogibranmerakyat  prabowogibranberdedikasi  karyanyata,positive
jg tau yg diomongin,positive
prabowo gibran simbol harapan baru negeri   dukungprabowogibran  suksesprabowogibran  prabowogibranmerakyat  prabowogibranberdedikasi  karyanyata,negative
bersama prabowo gibran wujudkan indonesia lebih baik   dukungprabowogibran  suksesprabowogibran  prabowogibranmerakyat  prabowogibranberdedikasi  karyanyata,positive
senyum jawaban santai ahy soal isu dirinya jadi menko kabinet prabowo gibran,negative
gibran diganti  tetap pelantikan tgl 20 oktober  sejak fufufafa spiral gibran hilang gak pernah muncul media  opo o le awakmu,neutral
minta maaf   jejak keburukan akhlaqnya gibran hapus,negative
police tahu bangeut   kelompok relawan pasukan bawah tanah  pasbata  jokowi melaporkan roy suryo menyebut akun fufufafa milik wakil presiden terpilih gibran rakabuming raka,neutral
gen bohongan faham jangan dibahas,negative
udah kangen suaranya gibran,neutral
kalo bukan anak2 raja akhlak attitude buruk jadi tak mau jadi pasangan,negative
kaesang  nepotisme tuh apasih  gibran,negative
police tahu bangeut   kelompok relawan pasukan bawah tanah  pasbata  jokowi melaporkan roy suryo menyebut akun fufufafa milik wakil presiden terpilih gibran rakabuming raka,neutral
fadli zon sri mulyani   staf negara nya jokowi amin gibran diam aja hee boss band radja,negative
police tahu bangeut   kelompok relawan pasukan bawah tanah  pasbata  jokowi melaporkan roy suryo menyebut akun fufufafa milik wakil presiden terpilih gibran rakabuming raka,neutral
tetap semangat utk lakukan peenuan2 dgn pejuang bangsa  jangan mundur bila peemuan ajak masyarakat termsk fpi   212 utk menjaga keamanan  preman2 memang komandonya utk alihkan isu jokowi  amp  gibran  waspadai wereng coklat yg ikut bermain,positive
police tahu bangeut   kelompok relawan pasukan bawah tanah  pasbata  jokowi melaporkan roy suryo menyebut akun fufufafa milik wakil presiden terpilih gibran rakabuming raka       gt  gt  gt p,neutral
mah aku jln2 bandung apkh bs ketemu mas gibran,neutral
3 kata gblg minggu   gibran lambang negara,neutral
ayo mantap  biar semua jelas terang benderang bukti  yg nyata  silakan diungkap sebenarnya yg punya akun f4  benarkah  bukan,neutral
tetap semangat utk lakukan peenuan2 dgn pejuang bangsa  jangan mundur bila peemuan ajak masyarakat termsk fpi   212 utk menjaga keamanan  preman2 memang komandonya utk alihkan isu jokowi  amp  gibran  waspadai wereng coklat yg ikut bermain,positive
iq 70 dlm ilmu psikologi dikategorikan mental retardian   keterbelakangan  iq rata2  62 78 5  scra statistik normal hipotesa gw  38 9  msk kategori iq 70 kebawah 89  iqnya dibwh 100  kognitif utk bs kuliah si kmps yg bagus indonesia  angka 89  cocok,neutral
justru tujuannya bang membuat masyarakat jadi bingung lalu berbuat semuanya dibelakang kebingungan jadi tabiat keluarga si mulyono bang,positive
tanggapan     bagaimana  direzim mulyono 2019 promosikan pendukungnya dg hastag orang baik pilih orang baik,positive
settingan keberapa kali,negative
kalau bener f4 gibran gimana   bocot loe,neutral
bocah tengil kek girban wajib batalkan planga plongo kek pendukungnya,negative
peanyaan besarnya apkh gibran fufufafa dianulir cawapresnya  impeach pelantikan pelantikan,neutral
sekalin naturalisasi jis yg akses transpoasinya terbangun ubah namanya menjadi jakaa internasional shin tae yong dibuatkan patung patina beliau bersayap garuda pelataran stadionnya,positive
kata gibran bakat nyanyi gua mending pendam,neutral
hehehe alhamdulillah,positive
alhamdulillah apu valo hoise,positive
prabowo paham betul 2019 dicurangi dihambat kampanyenya mulyono  anak2 abah yg bela berjuang dibelakang beliau bukan penjilat2 sekarang yg muji2 beliau  ujungnya prabowo beindak gusur si samsul tinggal tunggu moment,negative
ijazahnya palsu fakta,negative
kapan mulai take spotify koncet bang sepi hari hariku belakangan kuis gibran,positive
nitip ri mereun,neutral
kibulan dilawan kenyataan ketidakmampuan,negative
kalau laporkan    berai benar  valid fufufafa gibran,negative
apa kelompok relawan pasukan bawah tanah  pasbata  jokowi melaporkan roy suryo atas dugaan penyebaran berita bohong menyebut akun fufufafa milik wakil presiden terpilih gibran rakabuming raka,negative
iya data apa yg dimaksud  elu sendiri ga jelasin  goblok,negative
indonesia lbh baik pak prabowo mengganti gibran dgn calon yg notabene sdh terdidik ahlaknya  rakyat indonesia jutaan banyak yg lbh baik si akun fufu fafa,positive
mendagri bagusnya karir internal kemendagri,negative
58   msh menjilat akhir hayat,positive
bangsa terlalu besar utk dipimpin gibran yg sdh menodai agama islam dgn kasus fufufafa nya  menghina pak prabowo anaknya,negative
foto gibran udah dipajang belom,neutral
as personal  sebaiknya pdip berada luar pemerintahan   biarkan nek lampir hidup dgn sakit kejiwaan yg penuh benci dendam memuliakan konflik berdarah apa tujuan masuk dgn pemerintahan prabowo bila tujuan makzulkan,negative
td ngechat anak fufufu saldi malah ketiknya fufufafa shial kau gibran,negative
apa kamu pikir profesor rh bicara data   dungu sekali kalau km berpikir bacot sendiri didunia maya padahal bukan ahlinya   onani intelektual,negative
halahh lebayy,positive
ketololan tukang kibul bahu membahu menutup hasil kerja kerja kerja nipu,negative
bener akunya milik gibran  dah terbukti  pimpinan sandiwara aja,positive
kata freya rawrrrr bg,positive
gibran   burung garuda     gimana mksudnya nih  jelasin,positive
kabar buruknya congornya gibran,negative
besok foto sama,neutral
boro boro minta maaf ngeles pengecut  gibran minta maaf soal fufufafa   mui turun gunung sorot postingan 2015,negative
kemarin coblos gibran cuma gara2 beras 5kg sekarang begini 5 thn kedepan,neutral
kaesang gibran jeleknya bener2 ancur bjir turunan jokowi jelek pisan  w dlu pas baru tau jokowi mukanya kea gmn lgsg mikir serius calon presiden bakal sejelek   gugling monyet pake jas hujan dulu lgsg keluar jokowi paling gokil skrg kaga otomatis resultsnya kea gt,negative
berita ambon,negative
begitulah    kampanye omongan  janji manis keluar bodo nya dikita mudah ter buai,negative
sudahlah gak capek hdp ngurusin beginian  mau kau caci mau kau hina tdk berubah ttp menjadi wapres    kurang ngurusin orang banyakin ibadah bekerja,negative
wkwkwkw satu suara sama pernyataan polisi aslinya bubarin polisi preman  bosqu     jangan2 polisi pukul orang mau diskusi pakai tangan oranglain,neutral
fufufafa gibran   wajah jelek ehh kelakuan ternyata kalah jelek,negative
disana kebanyakan gak up date cuek kalinya permasalahan seputar keluarga pak dhe  amp  boroknya pemerintahannya kelihatan happy banget gitu,negative
wkwkw apa cina,negative
89  keblikannya puas,negative
fufufafa gibran   ibukota jakaa yg layak dijadi ibukota negara     ikn nt,neutral
maaf bkn penjilat politikus  62,negative
knpa gua sebel bgt liat ava amin yg mirip gibran,positive
sepeinya menjawab gibran gak keliatan selama,neutral
pdip gabung p biar cepat tendang gibran,neutral
sewot       prabowo   gibran mau dilantik kek yg berdua presiden wapres ri 2024   2029      udah diem aja lu,neutral
kalau benar si gibran diganti epic banget sik    yg gue arepin   kaesang down      gibran pecat      rk kalah mudah2an   lutfi kalah   bobby kalah   bahlil dongkel   mulyono anteknya korupsinya bongkar gue balik jadi akun mesum  d,negative
kebijakan makan siang gratis prabowo gibran memiliki potensi besar menggerakkan ekonomi indonesia meningkatkan kesejahteraan masyarakat  kesehatangratisuntuksemua,positive
fak kata gue mah teh buat gibran,negative
anak anak indonesia layak tumbuh sehat terima kasih prabowo gibran atas program  makanbergiziuntukbangsa,positive
program sangat berai cegah stunting dukung penuh prabowo gibran  makanbergiziuntukbangsa,positive
terima kasih prabowo gibran makan sehat gratis sangat penting buat cegah stunting sumatera  makanbergiziuntukbangsa,positive
terima kasih prabowo gibran atas program sangat dibutuhkan masyarakat   makanbergiziuntukbangsa,positive
jijik banget sama penjilat  amp  yg si gibran nya,positive
sebentarlagi negara sekubu israel sesuai perjanjian,negative
generasi sehat stunting  yuk dukung prabowo gibran program bawa masa depan cerah  makanbergiziuntukbangsa,positive
yuk   goyang,positive
terima kasih prabowo gibran program selamatkan anak anak indonesia stunting  makanbergiziuntukbangsa,positive
terima kasih prabowo gibran anak anak indonesia layak gizi terbaik  makanbergiziuntukbangsa,positive
terima kasih prabowo gibran program bawa harapan baru cegah stunting indonesia  makanbergiziuntukbangsa,positive
prabowo gibran menunjukkan hanya memikirkan pembangunan fisik pembangunan manusia   makanbergiziuntukbangsa,negative
revolusi mental bullshit   mental kaesang  amp  gibran revolusi dulu cak,neutral
terima kasih prabowo gibran menunjukkan kepemimpinan bijaksana mendukung kesehatan generasi muda  makanbergiziuntukbangsa,positive
pendukung gibran btw,neutral
prabowo gibran memahami bangsa kuat dimulai anak anak sehat bergizi baik   makanbergiziuntukbangsa,positive
ridwan kamil  rk  mengaku menyaksikan momentum skaral pelantikan presiden wakil presiden terpilih periode 2024 2029 prabowo subianto gibran rakabuming raka    news  kitaindonesiasatucom,negative
terima kasih prabowo gibran program bawa harapan buat masa depan bebas stunting  makanbergiziuntukbangsa,negative
anak anak indonesia bebas stunting program makan sehat prabowo gibran solusinya  makanbergiziuntukbangsa,neutral
terima kasih prabowo gibran program makan sehat gratis langkah besar cegah stunting  makanbergiziuntukbangsa,positive
kalo melihat postingan fufufafa betul2 bahasa gibran,positive
sumatera dukung penuh prabowo gibran lawan stunting masa depan cerah  makanbergiziuntukbangsa,positive
buzzer tolol bin goblok mengatakan begini   segoblok gobloknya gibran mampu jadi wapres emang klo bapaknya jadi tukang kayu apa jadi wapres   mikirrrr,negative
anak anak sehat stunting masa depan kuat dukung penuh prabowo gibran  makanbergiziuntukbangsa,positive
terima kasih prabowo gibran program makan sehat sangat bermanfaat  makanbergiziuntukbangsa,positive
manusia  kacanglupakulit dibanggakan    saking sarakah kekuasaan tega2nya  ngemis padhe rudi f anaknya  dicawalkot solo,negative
terima kasih prabowo gibran program bawa masa depan lebih cerah anak anak  makanbergiziuntukbangsa,positive
terima kasih prabowo gibran atas program sangat bermanfaat   makanbergiziuntukbangsa,positive
langkah menunjukkan prabowo gibran memahami pentingnya gizi pembentukan generasi penerus bangsa   makanbergiziuntukbangsa,neutral
terima kasih prabowo gibran program makan bergizi gratis luar biasa  makanbergiziuntukbangsa,positive
terima kasih prabowo gibran program bawa harapan baru anak anak bebas stunting  makanbergiziuntukbangsa,negative
terima kasih prabowo gibran program makan bergizi gratis bantu cegah stunting masa depan indonesia  makanbergiziuntukbangsa,positive
terima kasih prabowo gibran program bawa masa depan cerah gizi lengkap  makanbergiziuntukbangsa,positive
prabowo gibran memperlihatkan perhatian nyata isu gizi sangat fundamental perkembangan bangsa   makanbergiziuntukbangsa,negative
terima kasih prabowo gibran program bantu anak anak bebas ancaman stunting  makanbergiziuntukbangsa,positive
terima kasih prabowo gibran program bantu anak anak gizi cukup  makanbergiziuntukbangsa,positive
terima kasih prabowo gibran program bantu anak anak tumbuh optimal gizi seimbang  makanbergiziuntukbangsa,positive
prabowo gibran pahlawan generasi muda program sangat bermanfaat  makanbergiziuntukbangsa,positive
terima kasih prabowo gibran program makan bergizi selamatkan generasi stunting  makanbergiziuntukbangsa,positive
langkah nyata menunjukkan komitmen prabowo gibran membangun masa depan indonesia   makanbergiziuntukbangsa,neutral
terima kasih prabowo gibran program langkah nyata selamatkan anak anak stunting  makanbergiziuntukbangsa,positive
oooh iya,neutral
prabowo gibran mengambil langkah tepat menjaga kesehatan kesejahteraan anak anak   makanbergiziuntukbangsa,neutral
terima kasih prabowo gibran program bantu wujudkan generasi sehat stunting  makanbergiziuntukbangsa,positive
komitmen prabowo gibran kesehatan sangat menginspirasi   makanbergiziuntukbangsa,positive
prabowo gibran peduli anak anak indonesia program sangat menginspirasi  makanbergiziuntukbangsa,positive
anak anak indonesia layak tumbuh sehat terima kasih prabowo gibran  makanbergiziuntukbangsa,positive
terima kasih prabowo gibran program makan bergizi langkah besar cegah stunting indonesia  makanbergiziuntukbangsa,positive
masyarakat sumatera siap lawan stunting bersama prabowo gibran program inspiratif  makanbergiziuntukbangsa,positive
benar lae gak pilihan terpaksa,negative
prabowo gibran benar benar peduli kebutuhan rakyat luar biasa   makanbergiziuntukbangsa,positive
program luar biasa anak anak sehat masa depan cerah terima kasih prabowo gibran  makanbergiziuntukbangsa,positive
stunting enggak jadi masa depan anak anak terima kasih prabowo gibran atas program  makanbergiziuntukbangsa,positive
terima kasih prabowo gibran program bawa harapan baru generasi bebas stunting  makanbergiziuntukbangsa,negative
terima kasih prabowo gibran program makan sehat bawa harapan baru buat sumatera  makanbergiziuntukbangsa,positive
terima kasih prabowo gibran program jamin anak anak tumbuh sehat gizi optimal  makanbergiziuntukbangsa,positive
terima kasih prabowo gibran program makan sehat langkah besar cegah stunting  makanbergiziuntukbangsa,positive
terima kasih prabowo gibran program bantu anak anak tumbuh optimal  makanbergiziuntukbangsa,positive
anak anak sumatera layak tumbuh sehat bebas stunting terima kasih prabowo gibran  makanbergiziuntukbangsa,positive
prabowo gibran bener bener paham apa dibutuhin generasi muda sekarang   makanbergiziuntukbangsa,neutral
program makan bergizi gratis luar biasa terima kasih prabowo gibran  makanbergiziuntukbangsa,positive
terima kasih prabowo gibran program langkah nyata cegah stunting sejak dini  makanbergiziuntukbangsa,positive
terima kasih prabowo gibran program makan bergizi langkah nyata lawan stunting  makanbergiziuntukbangsa,positive
terima kasih prabowo gibran program makan sehat bantu lawan stunting gizi seimbang  makanbergiziuntukbangsa,positive
prabowo gibran bawa masa depan cerah makan bergizi gratis anak bangsa   makanbergiziuntukbangsa,neutral
anak anak sehat pondasi bangsa kuat dukung penuh prabowo gibran  makanbergiziuntukbangsa,positive
program makanan bergizi gratis benar benar langkah visioner prabowo gibran fokus kesehatan generasi muda   makanbergiziuntukbangsa,neutral
terima kasih prabowo gibran atas program memberikan harapan baru anak anak bangsa   makanbergiziuntukbangsa,positive
prabowo gibran pastikan masa depan anak bangsa program makan bergizi   makanbergiziuntukbangsa,neutral
hidup fufufafa,positive
dr th 2015 sy selalu bilang rmh bhw presiden gejala split personality tp tak calon mk sy pilih evil necesity aja lae cc,negative
kontennya memang yg mulai buzzer buzzer coba liat banyak kan yg kena naratif buzzer buzzer  rakyat indonesia gampang kena kampanye politik yg cuma mainin emosi doang kayak contoh prabowo yg dibikin mukanya melas pas debat capres ato konten savage gibran,negative
prabowo gibran menunjukkan komitmen besar kesehatan anak anak   makanbergiziuntukbangsa,positive
sumatera dukung prabowo gibran anak anak layak tumbuh sehat  makanbergiziuntukbangsa,positive
prabowo gibran memahami bangsa kuat dimulai anak anak sehat bergizi baik   makanbergiziuntukbangsa,positive
yuk tuh gibran habitat buaya air,neutral
pemilik akun fufufafa dibasmi    baru paten,neutral
kabinet prabowo   gibran kelompok gerombolan orang orang sakit gelandangan politik  amp  bukan siapa siapa,negative
terima kasih prabowo gibran atas program sangat bermanfaat   makanbergiziuntukbangsa,positive
bukankah dijelaskan gibran kalau satu keluarga suka baca,neutral
apasih jelek banget anjg gibran mania udh kaya grup fb kicau mania,neutral
najiss banget gua tiap liat muka gibran,positive
uang negara apa uang pribadi yg dihambur2kan mulyono utk bayar buzzerp pencitraan,positive
prabowo gibran ngei banget cara ngedorong ekonomi lokal  makanbergiziuntukbangsa,negative
prabowo gibran wujudkan generasi sehat melalui program gizi berkualitas  makanbergiziuntukbangsa,positive
makan bergizi gratis langkah prabowo gibran selamatkan masa depan generasi muda   makanbergiziuntukbangsa,neutral
bukan warga indo tp tau aja luu ma gibran,negative
terima kasih prabowo gibran program jamin anak anak tumbuh sehat gizi optimal  makanbergiziuntukbangsa,positive
gibran rakabuming raka menyerahkan penyusunan kabinet presiden terpilih prabowo subianto  gibran menyatakan loyal keputusan prabowo,negative
aslinya berita yg biasa aja yg emosinya luar biasa meledak udah berusaha adu domba berbulan bulan bulan ternyata gagal  soalnya prabowo gibran biasa aja rukun  ga sabar lihat foto video makan malem barengnya,neutral
kalau ga gibran sama jokowi prabowo bakal keok ketiga kalinya   kadrun idiot ga ngei angka statistik,negative
aku suka semua aktor2nya  tp kok yg bilang visual kurang kek gimana  standar mu muka gibran bilang weilong kurang visualnyaaa  hhhhhhhhh  kacau sekaliih,negative
bahkan kalau segera cari pengganti gibran pak    juragan fufufafa bikin ulah bersama bapaknya bikin pusing pemerintahan pak prabowo,negative
mata sayu     peanda opo iki,positive
prabowo gibran menunjukkan kepemimpinan peduli berpikir jauh depan program   makanbergiziuntukbangsa,positive
1  periode 1 jokowi 2014 2019 fh mengecam jkw kesempatan  2  2019 2024 prbw masuk kabinet jkw  fh jatah expoir benur dr edhy prabowo  fh berbalik arah dukung gibran  amp  bobby pilkada puja puji jilat gibran 3  gelora gagal msk dpr fh ngelamar msk golkar,neutral
tahun sama 180 derajat omongannya,neutral
prabowo gibran hadirkan solusi jangka panjang kesehatan generasi muda   makanbergiziuntukbangsa,positive
prabowo gibran hadirkan solusi makan bergizi masa depan lebih baik   makanbergiziuntukbangsa,negative
gpp   buat gajiin gibran  buat beli tamiya,neutral
iya katanya abis pelantikan gibran mau nonton teater,neutral
langkah menunjukkan kepemimpinan prabowo gibran berfokus pembangunan infrastruktur sumber daya manusia   makanbergiziuntukbangsa,negative
prabowo gibran hadirkan makanan bergizi masa depan cerah anak bangsa   makanbergiziuntukbangsa,neutral
gibran fufufafa aja diinvest buat es doger 71m masa sekarang kekayaannya cuma segitu,positive
prabowo beemu jokowi gibran solo  menteri peahanan  menhan  presiden terpilih prabowo subianto menyambangi kediaman presiden joko widodo  jokowi  solo jawa tengah minggu  13 10 2024  siang,neutral
wkwkwk gibran mania apaan anjir,neutral
makan sehat gratis bantu anak anak tumbuh optimal terima kasih prabowo gibran  makanbergiziuntukbangsa,positive
yg ngerjain siapa,negative
program makan bergizi prabowo gibran selamatkan masa depan anak bangsa   makanbergiziuntukbangsa,neutral
bnyak yg kebakaran sini    bakar trus mas gibran biar gosong semua,neutral
terima kasih prabowo gibran menunjukkan komitmen kuat mendukung kesehatan generasi muda  makanbergiziuntukbangsa,positive
ngeriiiiiii,positive
dijelaskan tujuannya menyampaikan aspirasi gibran dilantik 20 oktober 2024 seketika advokat tpdi perekat nusantara diizinkan masuk    jokowiharusdiadili  jokowiharusdiadili,neutral
terima kasih prabowo gibran program jamin kebutuhan gizi anak anak  makanbergiziuntukbangsa,positive
prabowo gibran hadirkan program makan bergizi anak bangsa tumbuh sehat kuat   makanbergiziuntukbangsa,positive
daftar 46 kementerian prabowo gibran beredar elite gerindra  jumlah menteri memang beambah  lewat  news,neutral
terima kasih prabowo gibran program makan bergizi bantu cegah stunting sumatera  makanbergiziuntukbangsa,positive
ente gk tau aliran dana ban sos covid19 gibran,negative
panas banget woy gila padal prabowo sama gibran belom dilantik bayangin semuanya ditambang sama duo gondal gandul bakal sepanas apa wey bumi,negative
cek program makan bergizi gratis gibran kunjungi kud penampung susu boyolali,neutral
video  momen gibran jemput prabowo beemu jokowi solo,negative
lah peduli kok selama buat ngelengserin anis majuin gibran,negative
prabowo disebut lebih sering diskusi sby ketimbang gibran  pengetahuannya sebatas solo,negative
sih pesimis krn pdip gabung kabinet berai gk oposisi  gibran halal jd wapres,neutral
emang tolol aja bang si bocor alus tempo naikin isu gibran naik kok gak mencak mencak kayak dicurangi wasit  padahal gak paham resiko tweet kayak gitu kayak apa  iya enak bocor alus tempo naikin isu emang pekerjaan,negative
makan siang bergizi percuma prabowo gibran langkah bijak masa depan cerah   makanbergiziuntukbangsa,neutral
siapa cita citanya dibikinin fanfiksi sama gibran,positive
prabowo jakaa gibran ikn,negative
terima kasih prabowo gibran program bantu anak anak tumbuh optimal bebas stunting  makanbergiziuntukbangsa,positive
lucu bener gibran  wkwkw,positive
ngeinya prabowo gibran ga terima jemaat kristen sedunia hari minggu pagi gaji perbulan sama australia paham   lulus ujian nasional pak ustadz,neutral
lah iya kamu  bs apa ngei apa ttg susunan kabinet,negative
ingat dosa didu cs menyebar luaskan fufufafa utk adu domba memecah belah pendukung prabowo    gibran menghina merendahkan maabat mempermalukan prabowo    didepan umum dgn tujuan jahat utk melenyapkan kepercayaan rakyat kpd prabowo    gibran  waspadai didu cs,negative
gibran mania apa ituu,neutral
prabowo gibran 1 mobil temui jokowi rumah pribadi solo   news,negative
terima kasih prabowo gibran program bawa harapan baru buat anak anak sumatera  makanbergiziuntukbangsa,positive
lagian ngapain bang  melibatkan gibran orang planga plongo bgt apa,neutral
aku tak prnh berharap keputusan pasca pilpres sy sbg yg bljar etika sejak sah maju pilpres republik sdh mngalir kencang cacat etika sgt miris emang republik sdh cacat etik yg disponsori presiden  dg anaknya si ,positive
terimakasihpakjokowi siap dilanjutkan prabowo gibran,negative
siapa buset join gibran mania,neutral
nyata dab fakta gibran ajun fufufafanya sdh g bs ngelak,negative
terima kasih prabowo gibran program bantu generasi kalimantan tumbuh sehat  makanbergiziuntukbangsa,positive
kalau jangan laporkan   atas dugaan genosida rakyatnya sendiri gitu aja kok repot gak mas fufufafa,negative
gibran mengakui jokowi cawe cawe kabinet prabowo,negative
terima kasih prabowo gibran program makan sehat bantu lawan stunting sejak dini  makanbergiziuntukbangsa,positive
aliran dananya kepd gibran gmna   mentang2 anak presiden gk diciduk,negative
prabowo gibran mengedukasi masyarakat pentingnya nutrisi baik   makanbergiziuntukbangsa,negative
orang kalo sok pintar otaknya nyampe,negative
terima kasih prabowo gibran program makan bergizi bantu cegah stunting sumatera  makanbergiziuntukbangsa,positive
semakin dibenturkan dgn  malah semakin harmonis bahkan dgn tegasnya seorang  menyatakan bagian jokowi   stop fitnah n adu domba menjadi sampah  trimakasihpakjokowi selamat datang prabowo gibran optimis indonesia lebih maju,positive
mk meloloskan gibran menjadi cawapres meskipun umurnya  lt 40 thn  langgar konstitusi   si prof  fufufafa  sehoror stetmenya ketua mk  cikal bakal si fufufaf jadi wapres cacat hukum  hakim ptun takut2i si fufufafa selamat,positive
kok tau gibran,negative
prabowo gibran mengambil langkah tepat mempersiapkan masa depan lebih cerah bangsa   makanbergiziuntukbangsa,positive
video bapaknya pres  bln mei bln okt thn yg sama sdh cacat etik,positive
imagine didoain punya suami mirip gibran perkara boycot cowok ganteng,negative
terima kasih prabowo gibran program bantu anak anak tumbuh sehat gizi seimbang  makanbergiziuntukbangsa,positive
gue bukan pendukung gibran darah nasionalisme gue mendidih keturunan imigran arab yaman macam antum menghina wni asli  pribumi,negative
yaalloh semua usaha ku dayaku mampu aku tunggu kuasamu diatas segala galanya aku pernah minta krn aku usahakan aku cuma gibran yaalloh,positive
buktinya si  manusia menclamencle cacat etika,positive
prabowo gibran beneran peduli sama anak anak program bukti nyata   makanbergiziuntukbangsa,negative
kebohongan kebohongan fufufafa  terus menerus dipelihara  amp  diternak  hari besok lusa kebohongan diperbuatnya  alam semesta membuka aib2 nya  mundur lengserkan   apa pantas pemimpin spt,negative
gibran mania ki sing endi wonge cok,neutral
program wujud nyata komitmen prabowo gibran generasi penerus   makanbergiziuntukbangsa,neutral
terima kasih prabowo gibran program sangat berai buat masa depan anak anak sulawesi  makanbergiziuntukbangsa,positive
putusan ptun gk usah ditunggu2  gk gunanya  dilantik tgl 24 gk mgkn disetujui  ditolak,negative
aamiin semoga pak  mas  selanjutnya mengangkat marwah kebangsaan dgn lebih tegas kpd perusak pembuat onar yg brisik sekali entah krn mrk sbg proxy asing mengganggu nkri diberantas pergerakan ekonomi  amp umkm lancar,positive
jadi ngeri mlayu banter banter,negative
cah karbitan ra tau sinau materi sing abot nekat arep dadi wapres   mung nebeng posisi rama ne thok     fufufafa,negative
anak sehat bangsa kuat bersama prabowo gibran  makanbergiziuntukbangsa,positive
sampe disumpahin suami mirip gibran ga tuh,negative
terima kasih prabowo gibran program makan bergizi langkah bijak  makanbergiziuntukbangsa,positive
gibran   18 juta lowongan pekerjaan jokowi   phk 85 juta pekerja,neutral
semua berlebihan baik,positive
prabowo gibran tunjukkan komitmen kesejahteraan bangsa   makanbergiziuntukbangsa,positive
beberapa bulan kemudian     gibran mati  tamat,neutral
langkah prabowo gibran makan bergizi gratis masa depan cerah   makanbergiziuntukbangsa,neutral
ga nyangka bisanya wapres gw gibran,negative
sak karepmu tetep keberlanjutan prabowo gibran    terimakasihpakjokowi,negative
terima kasih prabowo gibran program sangat berai buat anak anak jawa  makanbergiziuntukbangsa,positive
waspadalah  alias fufufafa ultimatum satire untukmu yg apa jalur lewat jalur mulyono,positive
dilaporkan pasukan bau tanah  memang gibran mengakui fufufafa miliknya tempo bocor alus kaesang membenarkan akun fufufafa milik gibran   roy suryo   jokowiharusdiadili  jokowiharusdiadili,negative
betul2 anak cerdas aset indonesia emas yg paling brillian,positive
tanggal 20 oktober,neutral
kak robe gibran bantu cek jaringannya  infoin no hp telkomsel yg dipakai detail lokasi  minimal kecamatan no rekening no kk npwp nama mantan kelurahan  tanggal  amp  waktu kejadian sea nomor telkomsel berkendala sama melalui dm  makasih   brantat,neutral
sudahilah politik semua baik baik peristiwa hari propaganda semata prabowo dijemput gibran bandara lalu diantarkan menemui jokowi teknik propaganda semua baik baik ditampilkanlah layar2 dukung  fyi,negative
kalo gibran apa 2 kali,neutral
langkah bijaksana prabowo gibran solusi tepat mengatasi masalah gizi buruk indonesia   makanbergiziuntukbangsa,negative
cawe2 jokowi pilpres sukses jadikan gibran cawapres lalu wapres terpilih kini jokowi cawe2 pilkada 2023 menempatkan kaesang bin jokowi cawagub  tempo  kalau diam rakyat indonesia jadi budak keluarga jokowi  jokowiharusdiadili,positive
yg mbedakan manusia dg binatang etika kl manusia tdk pny etika sm dg binatang,negative
terima kasih prabowo gibran program bantu anak anak kalimantan tumbuh sehat  makanbergiziuntukbangsa,positive
padahal sama aiwmwwk,negative
prabowo disebut lebih sering diskusi sby ketimbang gibran  pengetahuannya sebatas solo,negative
susu gratis buat anak anak terima kasih banyak pak prabowo mas gibran  makanbergiziuntukbangsa,negative
ikn kereta komunis china yg dijanjikan yg kedua nya mengeruk duit apbn malah dikerjakan dgn nafsu syahwat yg sangat tinggi   sontoloyo bin haram jadahhhh,negative
prabowo gibran peduli kesehatan anak bangsa program makan bergizi   makanbergiziuntukbangsa,positive
masyarakat sulawesi siap mendukung penuh prabowo gibran masa depan sehat kuat  makanbergiziuntukbangsa,positive
gibran milih iye naek nepotisme lo pikir anies mau melanggar konstitusi,negative
pak ps  pastilah mampu membedakan kritik koreksi penilaian caci maki hujatan umpatan celaan hinaan pelecehan apapun yg terjadi kpdnya,negative
presiden terpilih prabowo subianto beemu presiden jokowi solo  prabowo dijemput wapres terpilih gibran rakabuming beemu jokowi,negative
program makan bergizi gratis prabowo gibran solusi jitu generasi indonesia   makanbergiziuntukbangsa,neutral
langkah bijak prabowo gibran masa depan lebih baik program makan sehat patut diapresiasi  makanbergiziuntukbangsa,positive
intinya pihak 01 02 03 terbuka sama gibran memutuskan buat pilih 02 sekarang lu kalah terus koar koar andai aja milih golongan lu menang apa lu teriak nepotisme dongo  lu teriak lu kalah aja,negative
terbukti apanyaaaaa    fitnah aja lu ndro,negative
bahasa jokowi selalu kebalikannya   menyuruh jangan calonkan gibran tandanya jokowi nafsu mencalonkan anaknya  jokowi sign kanan belok kiri,negative
suka banget kekompakan pak prabowo mas gibran  optimis kepemimpinan negarawan beda generasi membawa indonesia menuju kemajuan kesejahteraan fondasi kuat diletakkan pak jokowi  sumber video,positive
hahahhahahahah adohh kutukannya serem bener singkat padat suami kek gibran bgst,negative
yg alay yg lu quote,negative
langkah prabowo gibran makan bergizi gratis generasi indonesia unggul   makanbergiziuntukbangsa,neutral
program sangat berai cegah stunting dukung penuh prabowo gibran  makanbergiziuntukbangsa,positive
kawal pemerintahan    daruratjudol berlimpah hadiah  brimofstvl  jiminourmuse  timnasday        ost      buzzerp,neutral
terima kasih pak  selamat bekerja pak   amp  mas      projo  setiadigarisrakyat  daruratjudol berlimpah hadiah  brimofstvl  jiminourmuse  timnasday        ost      buzzerp,positive
mau lengser ga rela si mulyono panik peemuan prabowo megawati lgsg gelar peemuan teutup dgn prabowo skrg ketemu bawa gibran takut gibran disingkirkan pelantikan kalee,negative
perut kenyang otak cerdas gibran prabowo paham banget deh   makanbergiziuntukbangsa,neutral
bapakmu milih gibran berai bapakmu iq simpanse  bapakmu memang simpanse,negative
terima kasih prabowo gibran atas program luar biasa makan sehat semua  makanbergiziuntukbangsa,positive
prabowo gibran tau banget cara bangun masa depan bangsa  makanbergiziuntukbangsa,positive
prabowo gibran berkomitmen kesehatan kesejahteraan anak anak   makanbergiziuntukbangsa,neutral
fakta terbaru      tdk alasan  amp  tiada ampun gibran,neutral
orang cerdas waras sehat jasmani rohani   menolak gibran srbagai wapres  gibran memiliki kemampuan jadi pejabat  publik  gibran memiliki akhjaq yg baik  kualitas keilmuan gibran sangat rendah  jadi wapres atas cawe cawe jokowi anwar usman,positive
program sangat penting masa depan indonesia terima kasih prabowo gibran  makanbergiziuntukbangsa,positive
program makan siang bergizi langkah nyata prabowo gibran kesehatan bangsa   makanbergiziuntukbangsa,neutral
kagak lah bang sekali nya lu memaklumi seseorang membandingkan keadaan politik sekarang sama ae gibran salah jadi wapres nabrak konstitusi is nabrak konstitusi period  logically false dh si koci ni    but appreciated apa beliau,negative
jadi diibaratkan sbb      pemerintahan prabowo   gibran bagaikan duri dlm daging     psi bagaikan musuh dlm selimut,positive
ganjar konfirmasi bakal hadiri pelantikan prabowo gibran,neutral
ga ngei proses klw gibran bukan anak presiden apa mungkin golkar gerindra setuju gibran jadi cawapres,negative
terima kasih prabowo gibran program bawa masa depan cerah buat anak anak jawa  makanbergiziuntukbangsa,positive
kesehatan anak anak jadi prioritas prabowo gibran beneran take action   makanbergiziuntukbangsa,neutral
temui presiden jokowi solo hari momen prabowo subianto disambut gibran bandara,negative
makan bergizi gratis langkah strategis prabowo gibran bangun masa depan bangsa   makanbergiziuntukbangsa,neutral
terima kasih prabowo gibran program bantu anak anak tumbuh sehat gizi seimbang  makanbergiziuntukbangsa,positive
terima kasih prabowo gibran program bantu anak anak tumbuh sehat gizi seimbang  makanbergiziuntukbangsa,positive
gibran mania sangat menggelak tawa,negative
stunting segera dilawan program solusi nyata terima kasih prabowo gibran  makanbergiziuntukbangsa,positive
utsman bin affan ra  suka sedekah haanya malah beambah gibran suka bangkrut usahanya ditambah suka sedekah malah super duper beambah haanya,positive
sebut tipe yes man bhima yudistira nilai erick thohir tak layak jadi menteri kabinet prabowo gibran,neutral
sumatera dukung prabowo gibran anak anak layak tumbuh sehat  makanbergiziuntukbangsa,positive
kalau dibasmi jadi lonte dong kan nganggur,neutral
sekarang jokowi sibuk intimidasi pak prabowo subianto jgn ganggu anaknya si gibran psikopat merasa banyak jasa pak prabowo subianto jadi menang pilpres si jokowi ikut cawe cawe jokowi mau buang se bagai mantan presiden,negative
anak sehat masa depan bangsa lebih baik bersama prabowo gibran  makanbergiziuntukbangsa,positive
terima kasih prabowo gibran program makan sehat bantu lawan stunting sejak dini  makanbergiziuntukbangsa,positive
keren banget prabowo gibran serius mikirin masa depan anak anak indonesia   makanbergiziuntukbangsa,negative
prabowo gibran peduli masa depan bangsa hadirkan program makan bergizi gratis   makanbergiziuntukbangsa,neutral
orang mesra malah disuruh mesra terus karepmu iku piye    prabowo gibran akur  iya gitu,negative
makan bergizi gratis inisiatif prabowo gibran bangun generasi sehat   makanbergiziuntukbangsa,neutral
gibran hukum wajib lengser,negative
respect buat prabowo gibran program bakal ngefek positif jangka panjang   makanbergiziuntukbangsa,positive
terima kasih prabowo gibran langkah besar buat masa depan lebih cerah   makanbergiziuntukbangsa,positive
sumpah gak banget gibran disama samain kyk utsman bin affan  woi gibran gak apa apanya njir utsman bin affan mah lelaki high value plis  gibran      hmmm gk banget,positive
prabowo didampingi gibran temui presiden jokowi rumah solo,negative
binatang pantas memimpin manusia,negative
gizi baik   masa depan cerah  bravo prabowo gibran   makanbergiziuntukbangsa,positive
bener wkwkwkwkw jadi kek gak bacot bacot yg coba framing bikin pecah kongsi jokowi   wowo  amp  gibran,negative
terima kasih prabowo gibran program makan sehat langkah besar cegah stunting  makanbergiziuntukbangsa,positive
prabowo gibran tunjukkan kepedulian masa depan anak anak   makanbergiziuntukbangsa,positive
liat podcastnya sama panji milih gibran biar ga korupsi kata si botak wkwk,positive
program makan bergizi prabowo gibran masa depan anak indonesia terjamin   makanbergiziuntukbangsa,neutral
apa ngak bahaya utk  utk kesehatan lainnya peemuan disolo dgn jokowi gibran coba  utk cari tau infonya  jokowiharusdiadili  jokowiharusdiadili,neutral
menunggu tangkapan layar pak prabowo mas gibran solo trus dipelintir pelintir,negative
sejarah pendidikan gibran mau jokowi jelas anehnya penegak hukum diam membiarkan kejahatan,negative
makan siang gratis prabowo gibran dukungan nyata generasi lebih kuat   makanbergiziuntukbangsa,neutral
terima kasih prabowo gibran menunjukkan komitmen kuat mendukung kesehatan rakyat  makanbergiziuntukbangsa,positive
terima kasih prabowo gibran program memberikan harapan anak anak   makanbergiziuntukbangsa,positive
prabowo gibran membuktikan komitmen masa depan anak anak indonesia   makanbergiziuntukbangsa,neutral
prabowo gibran paham pentingnya gizi buat anak anak masa depan bangsa lebih cerah  makanbergiziuntukbangsa,neutral
prabowo gibran tau banget gimana caranya bikin perubahan beneran terasa   makanbergiziuntukbangsa,negative
langkah bijaksana prabowo gibran bentuk perhatian nyata masa depan generasi penerus bangsa   makanbergiziuntukbangsa,neutral
langkah tepat prabowo gibran makan bergizi90  langkah tepat prabowo gibran makan bergizi gratis masa depan bangsa   makanbergiziuntukbangsa,neutral
oalah  yg kek ginian era internet berapa duit bapakmu bayar giniian,neutral
prabowo gibran ngei kesehatan anak anak investasi terbaik buat bangsa   makanbergiziuntukbangsa,positive
kira kira bahas apa yaa momen gibran sambut prabowo usai mendarat boyolali  install aplikasi kumparan baca lebih nyaman iklan,neutral
peemuan 90 menit jokowi prabowo gibran solo  newsupdate  update  news  text,neutral
klo bener puan yg naik berai kuat bener jalur pemecah belah digunakan buat hancurin peemanan prabowo  amp  gibran  lihat berita apa digunakan pihak sebelah memecah belah,neutral
kek nya gibran mengakui akun fufufafa meminta maaf dihadapan prabowo disaksikan jokowi  gitu gak bang iyut,negative
prabowo gibran punya visi besar kesehatan kesejahteraan generasi penerus   makanbergiziuntukbangsa,positive
terima kasih prabowo gibran program jamin anak anak tumbuh sehat gizi optimal  makanbergiziuntukbangsa,positive
apa judul acaranya  tahu triple star nonton chef culinary wars kayanya ga segmen beginian,neutral
budi gunadi sadikin   jangan yah pak,negative
hadeh jelas jelas ketua kpu peternak ani ani sampe dipecat aja nyembah gibran,negative
generasi sehat stunting harapan bangsa dukung penuh prabowo gibran  makanbergiziuntukbangsa,positive
terima kasih prabowo gibran program sangat berai buat cegah stunting sejak dini  makanbergiziuntukbangsa,positive
program makan bergizi prabowo gibran selamatkan anak indonesia kekurangan gizi   makanbergiziuntukbangsa,positive
program makan bergizi prabowo gibran solusi jitu masa depan indonesia   makanbergiziuntukbangsa,neutral
endonesia cemas,positive
jelek banget namanya gibran mania,negative
makan bergizi gratis prabowo gibran selamatkan anak bangsa kekurangan gizi   makanbergiziuntukbangsa,neutral
langkah menunjukkan kepemimpinan prabowo gibran berfokus pembangunan infrastruktur sumber daya manusia   makanbergiziuntukbangsa,negative
program menunjukkan prabowo gibran benar benar peduli masa depan generasi muda   makanbergiziuntukbangsa,positive
terima kasih prabowo gibran program makan sehat bantu anak anak jawa tumbuh sehat  makanbergiziuntukbangsa,positive
wah terima kasih prabowo gibran anak anak sekarang makan bergizi   makanbergiziuntukbangsa,negative
percaya sama gibran  masa terus terang bilang cawecawe   santun bilang memberi masukan   tempo mah udah bener  gitu aja kok repot,negative
maaf gurunya sekilas mirip gibran,negative
momen prabowo subianto dijemput gibran rakabuming beemu presiden jokowi solo,negative
bek syedara tinggai suppo program nyoe   makanbergiziuntukbangsa,neutral
langkah prabowo gibran makan bergizi selamatkan masa depan bangsa   makanbergiziuntukbangsa,neutral
langkah tepat prabowo gibran makan bergizi gratis generasi unggul   makanbergiziuntukbangsa,neutral
sih bakal ngubah hidup banyak anak indonesia  good job prabowo gibran   makanbergiziuntukbangsa,positive
udah gak laku    hari prabowo solo dijemput gibran satu mobil rumah jokowi     pinter dikit dong,negative
what is gibran mania asuuuu jelek bangett najissss,negative
prabowo diskusi gibran mengenai keamanan laut cina selatan misalnya    nyambung,neutral
gibran sebut agenda peemuan jokowi prabowo makan siang   beritasatu  news  berita,positive
program makan bergizi prabowo gibran investasi masa depan bangsa sehat   makanbergiziuntukbangsa,positive
halah hoax si gibran manusia kontol gitu,negative
prabowo gibran pastikan anak bangsa tumbuh sehat lewat makan bergizi gratis   makanbergiziuntukbangsa,neutral
memalukan         istri anggota polres pamekasan disetubuhi perwira mencabut aduannya  begini pengakuannya soal peristiwa hingga mencabut aduan,neutral
terima kasih prabowo gibran program bantu anak anak tumbuh optimal bebas stunting  makanbergiziuntukbangsa,positive
salut buat prabowo gibran peduli sama kesehatan masa depan anak anak bangsa   makanbergiziuntukbangsa,positive
prabowo gibran wujudkan indonesia lebih kuat anak anak sehat   makanbergiziuntukbangsa,positive
yes  prabowo gibran benar benar melakukan hebat generasi mendatang   makanbergiziuntukbangsa,positive
tiba solo temui jokowi prabowo dijemput gibran  prabowo  jokowi  gibranrakabuming,negative
rapat dulu makanya biar kompak jawabannya,neutral
mirip kek lo  10 tahun muja muji mulyono walaupun tahu kebijakannya kek taek sepei uu cipta kerja revisi uu kpk paman gibran dijadikan ketua mk  giliran mulyono gak dukung ganjar elo malah balik ngata2in mulyono  giliran dulu mengkritik mulyono langsung dikatain kadrun,negative
prabowo gibran hadirkan makan bergizi gratis masa depan indonesia lebih baik   makanbergiziuntukbangsa,neutral
ga heran kalo bakal kejadian sih namanya orde baru 2 0,neutral
makan bergizi gratis prabowo gibran selamatkan masa depan anak bangsa   makanbergiziuntukbangsa,neutral
prabowo gibran bawa solusi makan bergizi gratis anak bangsa sehat   makanbergiziuntukbangsa,neutral
terima kasih prabowo gibran atas komitmen luar biasa kesehatan anak anak   makanbergiziuntukbangsa,positive
prabowo gibran bawa harapan baru lewat program makan bergizi gratis   makanbergiziuntukbangsa,neutral
blusukan boyolali gibran janji pasar ampel dipindah direvitalisasi,neutral
prabowo gibran hadirkan makan bergizi gratis anak bangsa tumbuh optimal   makanbergiziuntukbangsa,neutral
terima kasih prabowo gibran program makan sehat bantu lawan stunting sejak dini  makanbergiziuntukbangsa,positive
buzzer gibran mania gw lebih mirip kaum quraisy,neutral
sby mantan presiden lebih berpengalaman gibran bocil tengil matang dikarbit malah bosok,negative
anak sumatera sehat masa depan indonesia cerah dukung penuh prabowo gibran  makanbergiziuntukbangsa,positive
masyarakat kalimantan siap dukung prabowo gibran anak anak sehat jadi prioritas  makanbergiziuntukbangsa,positive
prabowo gibran selamatkan masa depan anak bangsa program makan bergizi   makanbergiziuntukbangsa,neutral
gibran hormati keputusan prabowo soal kabinet tegaskan dirinya loyal presiden terpilih selengkapnya   percaya gak,negative
prabow mantan kopasus hina gibran dr akun fufufafa yt anak prabow o homo prabow punya biji piler satu tp prabow kader gerindra diam segitu harga diri mu prabow,neutral
makan bergizi gratis prabowo gibran solusi generasi indonesia kuat   makanbergiziuntukbangsa,neutral
program makan bergizi prabowo gibran langkah strategis selamatkan anak bangsa   makanbergiziuntukbangsa,neutral
order siapa  pak  mas  dilantik koar koar enggak jelas  mendingan kerjasama dgn waeg waeg terdekat sekolah sekolah dah  karuan jalan semua warung warung tsb,negative
salut buat prabowo gibran memikirkan masa depan anak anak lewat program   makanbergiziuntukbangsa,neutral
kasih tau sm boss lu sih jokowi jgn sering produksi ho x lol,positive
gibran tegaskan pasar ampel boyolali tak dipindah direvitalisasi   investordaily  investasi  saham,neutral
laen ni orang he irdam jp gibran pasangkan 02 ditawarin 01 03 misal aja gabung 01 menang emang lu koar koar kaya gini  i don t think so  sakit hati aja lu ga dipilih sama gibran dah gitu kalahnya sama gibran dih,negative
makan bergizi gratis prabowo gibran pastikan anak bangsa sehat berprestasi   makanbergiziuntukbangsa,neutral
program makan bergizi prabowo gibran langkah strategis selamatkan generasi bangsa   makanbergiziuntukbangsa,neutral
prabowo gibran hadirkan solusi makan bergizi masa depan cerah   makanbergiziuntukbangsa,negative
terima kasih prabowo gibran menunjukkan kepemimpinan peduli kesejahteraan rakyat  makanbergiziuntukbangsa,positive
program makan bergizi prabowo gibran solusi kesehatan anak anak indonesia   makanbergiziuntukbangsa,neutral
wah terima kasih prabowo gibran program bikin optimis soal masa depan bangsa   makanbergiziuntukbangsa,positive
terima kasih prabowo gibran anak anak sumatera siap tumbuh sehat  makanbergiziuntukbangsa,positive
marak spanduk  terima kasih jokowi selamat bekerja prabowo gibran  pengamat  emas tetap emas,positive
salut buat prabowo gibran program bakal ngubah hidup banyak orang   makanbergiziuntukbangsa,positive
harusnya fans fanatik politik gk usah takut kehabisan buat ngetroll pemimpin sih  krna tiap haripun selalu akn bahan ngatain gibran  menunggangi sekumpulan org yg lg bete soal timnas politik mnku annoying wajar aja jd ribut2  kek gk empathy aja gt  wkwkwk,negative
lebih tai wapres gw gibran,neutral
makan siang bergizi gratis solusi prabowo gibran generasi sehat berprestasi   makanbergiziuntukbangsa,neutral
prabowo gibran benar benar peduli generasi penerus bangsa   makanbergiziuntukbangsa,positive
prabowo gibran menunjukkan kesehatan anak anak prioritas utama membangun bangsa kuat   makanbergiziuntukbangsa,neutral
penistaan mah mana akhlaknya gibran dicocikkin sama sahabat nabi astagfirullah,negative
good step  prabowo gibran bener bener mikirin masa depan bangsa   makanbergiziuntukbangsa,negative
makan bergizi gratis prabowo gibran solusi generasi sehat kuat   makanbergiziuntukbangsa,neutral
salut buat prabowo gibran peduli sama kesehatan anak anak lewat program   makanbergiziuntukbangsa,positive
prabowo gibran mengambil langkah tepat memprioritaskan gizi anak anak   makanbergiziuntukbangsa,negative
lu aja ngehujat pemain bola ben white ditolol2in gajelas,negative
prabowo gibran berkomitmen meningkatkan gizi anak anak indonesia   makanbergiziuntukbangsa,positive
pembenci mas gibran kepanasan liat berita begini,negative
program makan bergizi prabowo gibran anak bangsa tumbuh lebih sehat   makanbergiziuntukbangsa,positive
makan bergizi gratis bukti nyata kepedulian prabowo gibran masa depan indonesia   makanbergiziuntukbangsa,neutral
yes  program udah lama ditunggu tunggu  terima kasih prabowo gibran   makanbergiziuntukbangsa,positive
udah tau gua gua jawab sakit terus lo jawab gini  sakitan mana curang in ama gibran wkwkw tai tai ujung ujung nya politik  makan tu politik,negative
wah keren banget nih program makan bergizi gratis prabowo gibran  semoga beneran impactful   makanbergiziuntukbangsa,positive
prabowo gibran tunjukkan aksi nyata masa depan generasi muda   makanbergiziuntukbangsa,positive
prabowo gibran hadirkan makan bergizi gratis masa depan bangsa lebih baik   makanbergiziuntukbangsa,neutral
ahy gibran dipersiapkan pilpres 2029 rocky gerung  mesti periksa intelektualitasnya,negative
terima kasih pak prabowo mas gibran anak anak makin semangat belajar  makanbergiziuntukbangsa,positive
terima kasih prabowo gibran program sungguh luar biasa   makanbergiziuntukbangsa,positive
langkah prabowo gibran makan bergizi gratis selamatkan generasi bangsa   makanbergiziuntukbangsa,neutral
program makan bergizi prabowo gibran langkah tepat selamatkan generasi bangsa   makanbergiziuntukbangsa,neutral
gibran apa titipan biar jokowi aman   jgn lantik anak haram konstitusi,negative
prabowo gibran ngei banget kalau gizi anak anak kunci masa depan   makanbergiziuntukbangsa,negative
langkah prabowo gibran makan bergizi gratis generasi unggul   makanbergiziuntukbangsa,neutral
langkah bagus prabowo gibran semoga terus berjalan baik   makanbergiziuntukbangsa,positive
pelantikan prabowo gibran ofkors    uncivillized cunts,negative
sosok disiapkan paai demokrat isi jabatan pemerintahan prabowo gibran,neutral
momen prabowo subianto dijemput gibran rakabuming beemu presiden jokowi solo,negative
diskusi sama gibran   sama aja mempercepat prabowo kena stroke,negative
gibran apa kalau prabowo butuh peimbangan ambil keputusan,negative
makan bergizi gratis prabowo gibran wujud nyata kepedulian anak bangsa   makanbergiziuntukbangsa,neutral
prabowo gibran selamatkan generasi bangsa   makanbergiziuntukbangsa,positive
gibran layak jadi wapres  mk 90 jadi dasar pencawapresan gibran melanggar hukum etik  usia gibran 40 tahun melanggar konstitusi negara  moral gibran layak  jokowiharusdiadili  jokowiharusdiadili,negative
anak anak lebih sihat kuat berkat makan siang percuma prabowo gibran   makanbergiziuntukbangsa,positive
prabowo gibran menanamkan benih harapan program   makanbergiziuntukbangsa,neutral
berita gak bermutu diberitakan  gibran berak gak beritain min,negative
program makan bergizi gratis bukti nyata prabowo gibran peduli masa depan bangsa   makanbergiziuntukbangsa,neutral
prabowo gibran paham banget kesehatan anak anak investasi masa depan bangsa   makanbergiziuntukbangsa,neutral
gibran sosok umat dirindukan pedang umar bin khatab,positive
anak anak sumatera layak tumbuh sehat bebas stunting terima kasih prabowo gibran  makanbergiziuntukbangsa,positive
gibran hukum wajib lengser,negative
basmi sekalian yg punya akun fufufafa udah menghina pak prabowo,negative
program makan bergizi prabowo gibran anak bangsa tumbuh sehat berprestasi   makanbergiziuntukbangsa,positive
langkah prabowo gibran makan bergizi selamatkan masa depan indonesia   makanbergiziuntukbangsa,neutral
prabowo gibran benar benar peduli kesehatan masa depan anak anak bangsa   makanbergiziuntukbangsa,positive
program makan bergizi prabowo gibran anak bangsa jadi lebih sehat berprestasi   makanbergiziuntukbangsa,positive
makan bergizi gratis bukti nyata perhatian prabowo gibran generasi unggul   makanbergiziuntukbangsa,neutral
terus apa coba yg terjadi 20 oktober    jokowi penjara    gibran lengserkan wapres   gt    alahh alahh   kek tau aja lo   rumah noh ketawa ketiwi   disini lo malah bikin kabar g bener    kocak   tggu aja 20 oktober g bkl apapun damai,positive
prabowo sambangi kediaman jokowi solo dijemput gibran bandara,negative
gibran mengaku berkomitmen hormat apa keputusan prabowo subianto menyusun kabinet baru,negative
stunting dicegah program makan bergizi gratis langkah bijak prabowo gibran  makanbergiziuntukbangsa,neutral
wakil presiden terpilih gibran rakabuming raka menanggapi peanyaan seputar pembentukan kabinet baru bersama presiden terpilih prabowo subianto  mengatakan mempercayakan urusan penilaian keputusan prabowo,negative
yg gede bila perlu bold prabowo semobil bareng gibran takut anak abah matanya mendadak minus,negative
gibran hormati keputusan prabowo soal kabinet tegaskan dirinya loyal presiden terpilih selengkapnya      gibran  prabowo  prabowogibran  presiden  kabinet  prmn,negative
keputusan ptun gibran sebaiknja jangam dilantik     sukseskan bersama dpr,positive
knp hari panas bgt ternyata meliht kebeesamaan gibran prabowo bikin kebakaran org sebelah,negative
wakil presiden ri terpilih gibran rakabuming raka mengungkapkan peran sang ayah presiden joko widodo  jokowi  soal kabinet pemerintahan prabowo subianto dirinya  gibran mengungkapkan jokowi turut memberikan beberapa masukan mengenai kabinet pemerintahan  meski,neutral
terima kasih prabowo gibran memprioritaskan kesehatan rakyat melalui kebijakan bijaksana  makanbergiziuntukbangsa,positive
memprioritaskan kesehatan anak anak prabowo gibran menunjukkan visi menciptakan masyarakat lebih tangguh   makanbergiziuntukbangsa,positive
salut buat prabowo gibran berani mengambil langkah besar buat kesehatan anak anak   makanbergiziuntukbangsa,positive
prabowo gibran memahami masa depan bangsa bergantung kesehatan kesejahteraan anak anak   makanbergiziuntukbangsa,positive
selamat prabowo gibran  program mengurangi angka stunting   makanbergiziuntukbangsa,neutral
buzzer bacaran banteng   goceng sekali tweet sebentar gabung prabowo gibran puja puji prabowo,neutral
terima kasih prabowo gibran atas program sangat bermanfaat buat masyarakat kecil   makanbergiziuntukbangsa,positive
thanks prabowo gibran semoga program terus jalan lancar   makanbergiziuntukbangsa,positive
makan gratis prabowo gibran program bener bener solutif  makanbergiziuntukbangsa,neutral
terima kasih prabowo gibran atas dukungan kesehatan generasi penerus   makanbergiziuntukbangsa,positive
jokowi lengser gibran tergeser    jokowiharusdiadili  jokowiharusdiadili,negative
masak penculik yg disalahin wapr3s tolol bermuka jelek ga ikut,negative
jokowi menitipkan gibran dijaga sea dibimbing  maklum kecil  pikiran gibran sering melayang tubuhnya jokowi memintak prabowo menjaga keselamatan keluarga apa sikap yg diambil prabowo jokowi tdk menjabat,negative
terima kasih prabowo gibran program sangat bermanfaat buat masa depan bangsa   makanbergiziuntukbangsa,positive
prabowo gibran menunjukkan kepemimpinan bijaksana memprioritaskan gizi anak anak bangsa   makanbergiziuntukbangsa,neutral
sumatera dukung prabowo gibran anak anak layak tumbuh sehat  makanbergiziuntukbangsa,positive
sambangi jokowi solo prabowo semobil gibran,negative
kilumbwa mbai,positive
mungkin salah satunya yg begini ni yg maksud kaum jahiliyah dulu nabi nabi makan uang haram ga berkah anjing ntar anak lu kayak gibran gedenya,negative
prabowo gibran benar benar memikirkan kebutuhan dasar anak anak tumbuh baik   makanbergiziuntukbangsa,positive
langkah bagus prabowo gibran semoga program berjalan lancar   makanbergiziuntukbangsa,positive
salut sih prabowo gibran ngambil langkah tepat buat bantu generasi masa depan   makanbergiziuntukbangsa,neutral
terima kasih prabowo gibran program bantu jamin gizi anak anak indonesia  makanbergiziuntukbangsa,positive
gpp gibran saiki ndek ndunyo dibelani masyarakat mene ndek akhirat kari dikaploki malaikat,negative
ndak tau   kok tanya,negative
makan siang bergizi gratis program prabowo gibran sangat inspiratif   makanbergiziuntukbangsa,neutral
bocor halu   padahal yg dimobil cuma gibran buktinya prabowonya nda kliatan,negative
langkah bijak prabowo gibran semoga program berjalan baik   makanbergiziuntukbangsa,positive
prabowo gibran menunjukkan kepedulian tinggi kesehatan anak anak   makanbergiziuntukbangsa,positive
gibran mania sangat kebablasan,neutral
menunggu halu people beanya  mana prabowonya bohong kok cuma gibran yg kliatan,negative
thanks prabowo gibran program bener bener dibutuhin anak anak indonesia   makanbergiziuntukbangsa,neutral
terobosan prabowo gibran sangat tepat sasaran mengatasi masalah gizi kalangan anak anak   makanbergiziuntukbangsa,positive
timggal sahkan ama paman yg bersangkutan bang,positive
makasih banget prabowo gibran anak anak jadi lebih sehat cerdas  makanbergiziuntukbangsa,positive
jokowi mundur gibran wajib mundur gibran wapres ilegal    jokowiharusdiadili  jokowiharusdiadili,negative
berita update siang 7 hari prabowo   gibran segera dilantik menjadi presi den   wak8l presiden ri perio de   2024 2029,positive
jokowi prabowo beemu solo hari gibran  makan siang   temponasional,positive
lah ga pake shampoo,neutral
selamat prabowo gibran atas inisiatif sangat bermanfaat   makanbergiziuntukbangsa,positive
yg ngarep bpk  terpecah belah dgn mas gibran sorry ye  gak terjadi tu,negative
cangkang lu aja ga pernah dipake bepikir positif selalu ngata2in orang bahkan ngatain pemain yg lebih jago elu botak   sok2 suruh org berpikir positif awoakwoakwok gibran gibran,positive
klo respon pak  ttg fufufafa gmn bran,negative
kalau anakmu   terluka gimana,negative
gibran sambut kedatangan prabowo bandara adi soemarmo boyolali,neutral
membuat konten mas gibran pak jokowi framingnya negatif   kontra menarik dijual meraup keuntungan milyaran rupiah boss  kalau ikut2n teipu  dokter tifa korban kalau duit paling tdk seberapa,negative
prabowo subianto gibran kunjungi jokowi kediaman sumber solo,negative
sepeinya peemuan yg digagas mulyono buat gibran  sejak kasus fufufafa prabowo ga pernah ajak gibran beracara  spekulasi merebak  fufufafa bikin prabowo marah  nah mulyono mau nunjukin prabowo dg gibran ga masalah,negative
tdk sepakat dg nepotisme krn setahu gibran pilih lsg 58 persen rakyat indonesia kl rakyat tdk memilih wl tunjuk jokowi seklipun gak bs jd wapres ri,negative
generasi sehat masa depan cerah prabowo gibran keren abis  makanbergiziuntukbangsa,positive
representasi anak muda    maksudnya anakmuda yg rada2 teler abnormal  amp  perlu rehabilitasi krn mentalnya bermasalah sepei gibran,negative
lah yg bilang haram siapa,negative
salut buat prabowo gibran peduli sama kesehatan anak anak semoga program terus jalan   makanbergiziuntukbangsa,positive
anies bakal hadiri pelantikan prabowo gibran,neutral
langkah bijaksana prabowo gibran investasi besar masa depan bangsa lebih sehat   makanbergiziuntukbangsa,positive
blusukan boyolali gibran janji pasar ampel dipindah direvitalisasi,neutral
langkah konkret prabowo gibran memperbaiki masalah gizi anak anak indonesia   makanbergiziuntukbangsa,negative
langkah bagus prabowo gibran berdampak positif buat masa depan bangsa   makanbergiziuntukbangsa,positive
wkkw ga nyadar kalo dirinya lah yg goblok,negative
prabowo gibran ngei banget pentingnya gizi buat masa depan bangsa  makanbergiziuntukbangsa,negative
terima kasih prabowo gibran program bantu anak anak kalimantan tumbuh sehat kuat  makanbergiziuntukbangsa,positive
itulahh aneh banget masa orang kaya ga research dulu orang belakang gibran siapa aja kasus apa aja,negative
terima kasih prabowo gibran program makan sehat sangat bermanfaat buat sumatera  makanbergiziuntukbangsa,positive
gibran hukum wajib lengser,negative
anak anak sehat sekarang generasi kuat masa depan  suppo prabowo gibran   makanbergiziuntukbangsa,positive
beemu  resto hutan pelataran senayan debat cawapres i biasa aja gibran datang sendiri pengawal dgn lugasnya merespon pendapat tokoh yg hadir dg cerdas semua hadirin diyakinkan  an terbukti debat gacor abis,neutral
semoga  tetap konsisten menolak gibran,positive
bener jkw apa gibran  kok beda statement,negative
menyelubungi,positive
prabowo gibran bikin program peduli sama rakyat kecil  makanbergiziuntukbangsa,negative
coba tafsirkan  kalimat peama gak usah memfitnah orang tolol   siapa yg tolol   kalimat selanjutnya jelaskan fufufafa  siapa2 fufufafa   kalimat selanjutnya dijelaskan gibran selesai,negative
dukung  lantik ganti gibran dg yg lbh baik  cacat konstitusi jg tak kapasitasnya krn kejiwaan kualitasnya jauh bawah rata2,positive
waduh gibran go internasional seterkenal sampe org malay tau,neutral
waaaah bingung dah   jurus yg ampuh buat mengadu domba om wowo mas gibran,negative
terima kasih prabowo gibran program bantu cegah stunting anak anak layak tumbuh sehat  makanbergiziuntukbangsa,positive
prabowo gibran dukung kesehatan anak anak lewat program makan bergizi  makanbergiziuntukbangsa,neutral
gibran,positive
gelar peemuan solo jokowi damaikan prabowo gibran soal fufufafa  muhammad reza panangian minggu 13 oktober 2024   14 36 wib tenang nak bapak,neutral
udh saatnya u gantiin posisi gibran,negative
gibran cawapres ilegal trus kewapresannya sah  jokowiharusdiadili  jokowiharusdiadili,negative
luar biasa prabowo gibran wujudkan program makan bergizi gratis anak anak lebih sehat  makanbergiziuntukbangsa,neutral
wakil presiden terpilih gibran rakabuming raka menanggapi peanyaan seputar pembentukan kabinet baru bersama presiden terpilih prabowo subianto  mengatakan mempercayakan urusan penilaian keputusan prabowo    gibran mengaku berkomitmen hormat,negative
apanya yg siap     gibran ga pernah dilibatkan dlm pembentukan kabinet ko,positive
prabowo gibran peduli generasi penerus program makan bergizi gratis sangat berai  makanbergiziuntukbangsa,neutral
gibran wajib mundur     gibran wapres ilegal baby nepo  jokowiharusdiadili  jokowiharusdiadili,positive
gibran pastikan pasar ampel boyolali dipindah,neutral
makan gratis prabowo gibran sangat membantu anak anak indonesia   makanbergiziuntukbangsa,neutral
closingnya epik koq ucapan sesuai ipk mas,neutral
gibran beri ucapan selamat pks atas bergabungnya pemerintahan prabowo gibran,positive
gizi cukup masa depan cerah lanjutkan program on   makanbergiziuntukbangsa,neutral
gibran serahkan soal kabinet prabowo  loyal keputusan beliau  ayombangundeso  pituruh  kemiri  bruno  sekaejo  wonoyoso  karanggetas  prigelan  somogede  kalimeneng  kemirilor  kapiteran  loning  brunorejo  purworejo  wahyudi  anismatta  fahrihamzah,positive
prabowo gibran punya visi jelas masa depan indonesia lebih sehat   makanbergiziuntukbangsa,positive
program sangat berai buat anak anak kalimantan terima kasih prabowo gibran  makanbergiziuntukbangsa,positive
gue bukan pendukung gibran darah nasionalisme gue mendidih keturunan imigran olok 2 wni asli  pribumi,negative
kahkahkahkahkah chip terlepasssss,positive
terima kasih prabowo gibran program makan bergizi bawa masa depan lebih cerah  makanbergiziuntukbangsa,positive
program bantu anak anak tumbuh sehat terima kasih prabowo gibran  makanbergiziuntukbangsa,positive
gibran dipulang jokowi krn gak mau dipakai  krn masalah psikis ga jadi wapres,negative
rakyat bangsa tanah air gibran mundurlah      jokowiharusdiadili  jokowiharusdiadili,neutral
gue rela mendonasikan salah satu ginjal gue lalu jalan jongkok jakaa bandung lunch bersama amanda zahra walaupun menunya makan siang gratis gibran itupun lewat zoom meeting yg inetnya pake paketan indihomo kalo buka youtube dikit langsung ngelek,neutral
